Type,ID,SVG Status,Tool/Source,Link,Availability,Features,mark orientation,mark horz alignment,mark vert alignment,x-axis location,y-axis Location,legend location,legend orientation,title location,grid lines?,caption location,annotation?
Bar Chart,1,ok,AnyChart,https://playground.anychart.com/docs/v8/samples/BCT_Bar_Chart_03,downloadable,,,,,,,,,,,,
Bar Chart,2,ok,ApexCharts,https://apexcharts.com/javascript-chart-demos/bar-charts/,downloadable,,,,,,,,,,,,
Bar Chart,3,ok,Vega Lite,https://vega.github.io/vega-lite/examples/bar.html,downloadable,,,,,,,,,,,,
Bar Chart,4,ok,ObservableHq,https://observablehq.com/@d3/bar-chart,downloadable,,,,,,,,,,,,
Bar Chart,5,ok,Observable HQ,https://observablehq.com/@d3/diverging-bar-chart,downloadable,,,,,,,,,,,,
Bar Chart,6,ok,Datylon,https://insights.datylon.com/stories/nIWdVHXAxLrae7nECdRFFQ,downloadable,,,,,,,,,,,,
Bar Chart,7,,,,downloadable,,,,,,,,,,,,
Bar Chart,13,ok,obserbale,https://observablehq.com/@observablehq/plot-bar,,,,,,,,,,,,,
Bar Chart,8,ok,ObservableHq,https://observablehq.com/@d3/hierarchical-bar-chart,downloadable,,,,,,,,,,,,
Bar Chart,9,ok,SageMath,https://doc.sagemath.org/html/en/reference/plotting/sage/plot/bar_chart.html,downloadable,,,,,,,,,,,,
Bar Chart,10,ok,Blocks,https://bl.ocks.org/tlfrd/187e45e0629711c4560cf6bcd0767b27,recreate,,,,,,,,,,,,
Bar Chart,11,ok,diagrammm,https://www.diagrammm.com/bar_chart,downloadable,,,,,,,,,,,,
Bar Chart,12,ok,D3.js,https://xari.dev/horizontal-bar-plot/,downloadable,,,,,,,,,,,,
Line Graph,1,ok,D3.js,https://bl.ocks.org/mbostock/3883245,recreate,,,,,,,,,,,,
Line Graph,2,bg,Datawrapper,https://www.datawrapper.de/_/hBToO/,downloadable,,,,,,,,,,,,
Line Graph,3,bg,Datawrapper,https://www.datawrapper.de/_/SD6eX/,downloadable,,,,,,,,,,,,
Line Graph,4,bg,Datawrapper,https://www.datawrapper.de/_/Wa2Ci/,downloadable,,,,,,,,,,,,
Line Graph,5,ok,Datylon,https://insights.datylon.com/stories/utSCFQQ8mh-RzpGVG4pKSQ,downloadable,,,,,,,,,,,,
Line Graph,6,ok,Flourish,https://public.flourish.studio/story/959/,downloadable,,,,,,,,,,,,
Line Graph,7,ok,Plot.ly,https://plotly.com/javascript/line-charts/,downloadable,,,,,,,,,,,,
Line Graph,8,ok,Quadrigram,https://www.quadrigram.com/hosting/yacintha_aakster/fertility_vs_gdp/#p/Page1,downloadable,,,,,,,,,,,,
Line Graph,9,ok,Vega Lite,https://vega.github.io/vega/examples/line-chart/,downloadable,,,,,,,,,,,,
Line Graph,10,ok,Mascot,https://mascot-vis.github.io/gallery.html#MultiLineGraph2,downloadable,,,,,,,,,,,,
Line Graph,11,ok,tibco,https://www.tibco.com/reference-center/what-is-a-line-chart,downloadable,,,,,,,,,,,,
Line Graph,12,ok,ApexCharts,https://apexcharts.com/docs/chart-types/line-chart/,downloadable,,,,,,,,,,,,
Line Graph,13,ok,ApexCharts,https://apexcharts.com/javascript-chart-demos/line-charts/basic/,downloadable,,,,,,,,,,,,
Line Graph,14,ok,DataGraph,https://community.visualdatatools.com/datagraph/knowledge-base/line-graph/,downloadable,,,,,,,,,,,,
Line Graph,15,ok,diagrammm,https://diagrammm.com/basic_line,downloadable,,,,,,,,,,,,
Line Graph,16,ok,diagrammm,https://diagrammm.com/basic_line,downloadable,,,,,,,,,,,,
Line Graph,17,ok,ggplot2,https://www.dataquest.io/blog/data-visualization-in-r-with-ggplot2-a-beginner-tutorial/,downloadable,,,,,,,,,,,,
Line Graph,18,ok,highcharts,https://www.highcharts.com/demo/line-basic,downloadable,,,,,,,,,,,,
Line Graph,19,ok,highcharts,https://www.highcharts.com/demo/line-ajax,downloadable,,,,,,,,,,,,
Dot Plot,1,ok,Plotly,https://plotly.com/python/dot-plots/,recreate,,,,,,,,,,,,
Dot Plot,2,ok,flourish,https://public.flourish.studio/visualisation/114249/,downloadable,,,,,,,,,,,,
Dot Plot,3,ok,plotly,https://plotly.com/python/dot-plots/,downloadable,,,,,,,,,,,,
Dot Plot,4,ok,JS Charting,https://jscharting.com/examples/chart-types/point-marker/csv-data/,downloadable,,,,,,,,,,,,
Dot Plot,5,ok,mathspace,https://mathspace.co/textbooks/syllabuses/Syllabus-862/topics/Topic-19221/subtopics/Subtopic-258372/,downloadable,,,,,,,,,,,,
Dot Plot,6,ok,Khan Academy,https://www.khanacademy.org/math/cc-third-grade-math/represent-and-interpret-data/imp-line-plots/a/line-plots-review,downloadable,scatter plot,,,,,,,,,,,
Dot Plot,7,ok,observable,https://observablehq.com/@d3/dot-strip-plot,downloadable,,,,,,,,,,,,
Dot Plot,8,ok,Khan Academy,https://www.khanacademy.org/math/cc-third-grade-math/represent-and-interpret-data/imp-line-plots/a/line-plots-review,downloadable,,,,,,,,,,,,
Dot Plot,9,ok,JS Charting,https://jscharting.com/examples/chart-types/point-marker/,downloadable,,,,,,,,,,,,
Dot Plot,10,ok,Wolfram Mathworld,https://mathworld.wolfram.com/DotPlot.html,downloadable,,,,,,,,,,,,
Dot Plot,11,ok,Amadeus Capital,https://quantamental.amadeus.ch/post/the-feds-new-dot-plot-in-python,downloadable,,,,,,,,,,,,
Dot Plot,12,ok,ggplot,https://www.hcbravo.org/IntroDataSci/bookdown-notes/basic-plotting-with-ggplot.html,downloadable,,,,,,,,,,,,
Dot Plot,13,ok,visithungary,https://visithungary.com/weather-around-the-year,downloadable,,,,,,,,,,,,
Dot Plot,14,ok,ggplot,http://pklab.med.harvard.edu/peterk/conos/scripts/cluster/scripts/seurat3/ggplot2/tests/figs/geom-dotplot/basic-dotplot-with-dot-density-binning-binwidth-4.svg,downloadable,,,,,,,,,,,,
Marimekko Chart,1,ok,FusionCharts,http://jsfiddle.net/fusioncharts/bdmTg/?utm_source=visualisingdata&utm_medium=website,downloadable,,,,,,,,,,,,
Marimekko Chart,2,ok,plotDB,https://plotdb.com/chart/1118/,downloadable,,,,,,,,,,,,
Marimekko Chart,3,ok,anyChart,https://docs.anychart.com/Basic_Charts/Marimekko_Chart/Mekko_Chart,downloadable,,,,,,,,,,,,
Marimekko Chart,4,ok,FusionCharts,https://www.fusioncharts.com/resources/chart-primers/marimekko-chart,downloadable,,,,,,,,,,,,
Marimekko Chart,5,ok,FusionCharts,https://www.fusioncharts.com/charts/marimekko-charts/market-share-as-percent?framework=javascript,downloadable,,,,,,,,,,,,
Marimekko Chart,6,ok,JS Charting,https://jscharting.com/examples/chart-types/variwide/marimekko/,downloadable,,,,,,,,,,,,
Marimekko Chart,7,ok,vega ,https://vega.github.io/vega-lite/examples/rect_mosaic_labelled_with_offset.html,downloadable,,,,,,,,,,,,
Marimekko Chart,8,ok,plotDB,https://plotdb.com/chart/1118/#,downloadable,,,,,,,,,,,,
Marimekko Chart,9,ok,D3.js,https://bl.ocks.org/mbostock/1005090,recreate,,,,,,,,,,,,
Marimekko Chart,10,ok,Marimekko graphics,https://www.mekkographics.com/why-use-a-marimekko-chart/,recreate,,,,,,,,,,,,
Gantt Chart,1,ok,wondershare,https://www.edrawsoft.com/edraw-project/,recreate,,,,,,,,,,,,
Gantt Chart,2,ok,DataViz Catalogue,https://jscharting.com/examples/chart-types/gantt/axis-details/,downloadable,,,,,,,,,,,,
Gantt Chart,3,ok,plotly,https://plotly.com/r/gantt/,downloadable,,,,,,,,,,,,
Gantt Chart,4,rerun,D3.js,http://bl.ocks.org/dk8996/5449641,downloadable,,,,,,,,,,,,
Gantt Chart,5,ok,FusionCharts,http://jsfiddle.net/fusioncharts/fLqSL/?utm_source=visualisingdata&utm_medium=website,downloadable,,,,,,,,,,,,
Gantt Chart,6,ok,high charts ,https://www.highcharts.com/demo/gantt/interactive-gantt,downloadable,,,,,,,,,,,,
Gantt Chart,7,ok,office Timeline,https://www.officetimeline.com/gantt-chart/templates/gantt,downloadable,,,,,,,,,,,,
Gantt Chart,8,ok,CUBA,https://doc.cuba-platform.com/charts-6.4/gantt_chart.html,downloadable,,,,,,,,,,,,
Gantt Chart,9,ok,Wikimedia,https://en.wikipedia.org/wiki/Gantt_chart,downloadable,,,,,,,,,,,,
Gantt Chart,10,ok,TBCO,https://www.tibco.com/reference-center/what-is-a-gantt-chart,downloadable,,,,,,,,,,,,
Gouped Bar Chart,1,ok,Mascot.js,https://mascot-vis.github.io/gallery.html#BarChartVert,downloadable,,,,,,,,,,,,
Gouped Bar Chart,2,ok,Mascot.js,https://mascot-vis.github.io/gallery.html#BarChartHorz,downloadable,,,,,,,,,,,,
Gouped Bar Chart,3,ok,Vega,https://vega.github.io/vega/examples/grouped-bar-chart/,downloadable,,,,,,,,,,,,
Gouped Bar Chart,4,ok,plotly,https://plotly.com/javascript/bar-charts/#stacked-bar-chart,downloadable,,,,,,,,,,,,
Gouped Bar Chart,5,ok,Wikimedia Commons,https://commons.wikimedia.org/wiki/File:Charts_SVG_Example_6_-_Grouped_Bar_Chart.svg,,,,,,,,,,,,,
Gouped Bar Chart,6,ok,apexChart,https://apexcharts.com/react-chart-demos/bar-charts/grouped/,,,,,,,,,,,,,
Gouped Bar Chart,7,ok,D3.js,https://d3-graph-gallery.com/graph/barplot_grouped_basicWide.html,downloadable,,,,,,,,,,,,
Gouped Bar Chart,8,ok,Google Charts,https://developers.google.com/chart/interactive/docs/gallery/barchart#creating-material-bar-charts,downloadable,not complete,,,,,,,,,,,
Gouped Bar Chart,9,ok,high charts ,https://www.highcharts.com/demo/bar-basic,downloadable,,,,,,,,,,,,
Gouped Bar Chart,10,ok,NVD3.js,https://nvd3.org/examples/multiBar.html,downloadable,,,,,,,,,,,,
Pie Chart,1,ok,Dayton,https://www.datylon.com/product/chart-library/pie-chart,downloadable,,,,,,,,,,,,
Pie Chart,2,ok,Vega Lite,https://vega.github.io/editor/#/examples/vega-lite/arc_pie,downloadable,,,,,,,,,,,,
Pie Chart,3,,,,downloadable,,,,,,,,,,,,
Pie Chart,12,ok,observable,https://observablehq.com/@jasper/pie-chart-starter,,,,,,,,,,,,,
Pie Chart,4,ok,mascot,https://mascot-vis.github.io/gallery.html#PieChart,downloadable,,,,,,,,,,,,
Pie Chart,13,ok,observable,https://observablehq.com/@rayelder/breakpoint-pie-chart,,,,,,,,,,,,,
Pie Chart,5,ok,Datylon,https://insights.datylon.com/stories/s4b8jB8WtRRDNbwylQxJTw,downloadable,Pie Chart with percentage,,,,,,,,,,,
Pie Chart,6,ok,Vega Lite,https://vega.github.io/vega-lite/examples/layer_arc_label.html,downloadable,Pie Chart with labels,,,,,,,,,,,
Pie Chart,7,,,,downloadable,Pie Chart image fill,,,,,,,,,,,
Pie Chart,11,ok,observable,https://observablehq.com/d/f1afba96577cc72f,,,,,,,,,,,,,
Pie Chart,8,ok,Dash,https://dash.gallery/dashr-svm/,downloadable,Pie Chart with labels,,,,,,,,,,,
Pie Chart,9,ok,Apex,https://apexcharts.com/javascript-chart-demos/pie-charts/monochrome-pie/,downloadable,Monochrome Pie Chart,,,,,,,,,,,
Pie Chart,10,ok,Apex,https://apexcharts.com/javascript-chart-demos/pie-charts/simple-pie-chart/,downloadable,,,,,,,,,,,,
Stacked Bar Chart,1,legend,Observable HQ,https://observablehq.com/@d3/stacked-horizontal-bar-chart,downloadable,Stacked Horizontal Bar Chart,,,,,,,,,,,
Stacked Bar Chart,2,legend,Observable HQ,https://observablehq.com/@d3/stacked-normalized-horizontal-bar,downloadable,Stacked Normalized Bar Chart,,,,,,,,,,,
Stacked Bar Chart,12,ok,ApexChart,https://apexcharts.com/javascript-chart-demos/bar-charts/stacked/,,,,,,,,,,,,,
Stacked Bar Chart,3,legend,apex charts,https://apexcharts.com/javascript-chart-demos/bar-charts/patterned/,,,,,,,,,,,,,
Stacked Bar Chart,13,ok,apexchart,https://apexcharts.com/javascript-chart-demos/column-charts/stacked/,,,,,,,,,,,,,
Stacked Bar Chart,4,ok,Vega lite,https://vega.github.io/vega-lite/examples/stacked_bar_count_corner_radius_mark.html,,Stacked bar chart rounded corners,,,,,,,,,,,
Stacked Bar Chart,5,ok,Vega lite,https://vega.github.io/vega-lite/examples/stacked_bar_normalize.html,,Stacked Normalized Bar Chart,,,,,,,,,,,
Stacked Bar Chart,6,ok,Vega lite,https://vega.github.io/vega-lite/examples/stacked_bar_h.html,,Stacked Hortizontal Bar Chart ,,,,,,,,,,,
Stacked Bar Chart,7,ok,Vega lite,https://vega.github.io/vega-lite/examples/stacked_bar_weather.html,,Stacked Vertical Bar Chart,,,,,,,,,,,
Stacked Bar Chart,8,ok,Vega lite,https://vega.github.io/vega-lite/examples/stacked_bar_h_normalized_labeled.html,,Stacked Normalized Bar Chart with labels,,,,,,,,,,,
Stacked Bar Chart,9,ok,Mascot.js,https://mascot-vis.github.io/gallery.html#StackedBarChart,,Stacked Vertical Bar Chart,,,,,,,,,,,
Stacked Bar Chart,10,ok,Observable HQ,https://observablehq.com/@d3/stacked-bar-chart,,Stacked Vertical Bar Chart,,,,,,,,,,,
Waterfall Chart,1,ok,Mascot.js,https://mascot-vis.github.io/gallery.html#WaterfallChart,,,,,,,,,,,,,
Waterfall Chart,2,ok,telerik,https://www.telerik.com/kendo-angular-ui/components/charts/examples/svg/waterfall.svg,,,,,,,,,,,,,
Waterfall Chart,3,ok,anyChart,https://docs.anychart.com/Basic_Charts/Waterfall_Chart,,Waterfall chart : Basic,,,,,,,,,,,
Waterfall Chart,4,ok,anychart,https://docs.anychart.com/Basic_Charts/Waterfall_Chart,,Waterfall chart : multiple series,,,,,,,,,,,
Waterfall Chart,5,ok,anyChart,https://docs.anychart.com/Basic_Charts/Waterfall_Chart,,Waterfall Chart : Difference,,,,,,,,,,,
Waterfall Chart,6,ok,anyChart,https://docs.anychart.com/Basic_Charts/Waterfall_Chart,,Waterfall chart : Absolute,,,,,,,,,,,
Waterfall Chart,7,ok,fusion charts,fusioncharts.com/charts/waterfall-charts/waterfall-chart-without-cumulative-sum?framework=javascript,,,,,,,,,,,,,
Waterfall Chart,8,ok,Wiki Commons,https://commons.wikimedia.org/wiki/File:Diagramme_waterfall.svg,,,,,,,,,,,,,
Waterfall Chart,9,nostyle,Dash,https://dash.gallery/dash-shap-tips/,,,,,,,,,,,,,
Waterfall Chart,11,ok,TIBCO,https://www.tibco.com/reference-center/what-is-a-waterfall-chart,,,,,,,,,,,,,
Waterfall Chart,10,ok,Vega lite,https://vega.github.io/vega-lite/examples/waterfall_chart.html,,,,,,,,,,,,,
Scatterplot,1,ok,,,,,,,,,,,,,,,
Scatterplot,2,ok,TIBCO,https://www.tibco.com/reference-center/what-is-a-scatter-chart,downloadable,,,,,,,,,,,,
Scatterplot,3,ok,Datylon,https://insights.datylon.com/stories/oDHVikVxaCaCGWRFGMdPgA,,,,,,,,,,,,,
Scatterplot,4,ok,Math's Fun,https://www.mathsisfun.com/data/scatter-xy-plots.html,downloadable,,,,,,,,,,,,
Scatterplot,5,ok,,,,,,,,,,,,,,,
Scatterplot,6,ok,bookdown ,https://bookdown.org/a_shaker/STM1001_Topic_2/5-1-scatter-plots.html,,,,,,,,,,,,,
Scatterplot,7,ok,Mascot.js,https://mascot-vis.github.io/gallery.html#Scatterplot,,,,,,,,,,,,,
Scatterplot,8,ok,apex charts,https://apexcharts.com/javascript-chart-demos/scatter-charts/,,,,,,,,,,,,,
Scatterplot,9,ok,apex charts,https://apexcharts.com/javascript-chart-demos/scatter-charts/datetime/,,,,,,,,,,,,,
Scatterplot,10,ok,Dash,https://dash.gallery/bball-player-explorer/,,Scatter plot with line,,,,,,,,,,,
Scatterplot,11,ok,vega Lite,https://vega.github.io/vega-lite/examples/interactive_splom.html,,Scatterplot matrix,,,,,,,,,,,
Scatterplot,12,ok,ObservableHq,https://observablehq.com/@d3/brushable-scatterplot-matrix,,Bubble matrix,,,,,,,,,,,
Connected Scatterplot,1,ok,Datylon,https://insights.datylon.com/stories/oqOJDl0RCVUMdGl2dJ1Kuw,downloadable,,,,,,,,,,,,
Connected Scatterplot,2,ok,Mascot.js,https://mascot-vis.github.io/gallery.html#ConnectedScatterPlot,downloadable,,,,,,,,,,,,
Connected Scatterplot,3,ok,Observable HQ,https://observablehq.com/@d3/connected-scatterplot,downloadable,,,,,,,,,,,,
Connected Scatterplot,4,ok,Vega lite,https://vega.github.io/vega-lite/examples/connected_scatterplot.html,downloadable,,,,,,,,,,,,
Connected Scatterplot,5,ok,medium,https://medium.com/mlearning-ai/tableau-tutorial-how-to-create-a-connected-scatterplot-12a67f4a6855,needs to recreate,,,,,,,,,,,,
Connected Scatterplot,6,ok,D3 graph,https://d3-graph-gallery.com/graph/connectedscatter_multi.html,downloadable,Connected Scatterplot Multiple series,,,,,,,,,,,
Connected Scatterplot,7,ok,dataviz.unhcr,https://dataviz.unhcr.org/tools/r/r_scatterplot_connected.html,downloadable,,,,,,,,,,,,
Connected Scatterplot,8,ok,finnstats,https://finnstats.com/index.php/2022/11/16/how-to-make-a-connected-scatter-plot-in-r/,needs to recreate,,,,,,,,,,,,
Connected Scatterplot,9,no-fill,Steveharoz,http://steveharoz.com/research/connected_scatterplot/,downloadable,Connected Scatterplot with arrows,,,,,,,,,,,
Connected Scatterplot,10,no-fill,Steveharoz,http://steveharoz.com/research/connected_scatterplot/,,,,,,,,,,,,,
Diverging Stacked Bar Chart,1,ok,Observable HQ,https://observablehq.com/@d3/diverging-stacked-bar-chart,,,not exactly the same,,,,,,,,,,
Diverging Stacked Bar Chart,2,ok,Observable HQ,https://observablehq.com/@sura23manohar/diverging-stacked-bar-chart,downloadable,,,,,,,,,,,,
Diverging Stacked Bar Chart,3,ok,Vega lite,https://vega.github.io/vega-lite/examples/bar_diverging_stack_population_pyramid.html,downloadable,,,,,,,,,,,,
Diverging Stacked Bar Chart,4,ok,Mascot.js,https://mascot-vis.github.io/gallery.html#DivergingBarChart,downloadable,,,,,,,,,,,,
Diverging Stacked Bar Chart,5,ok,Vega lite,https://vega.github.io/vega-lite/examples/bar_diverging_stack_transform.html,downloadable,,,,,,,,,,,,
Diverging Stacked Bar Chart,6,ok,Datylon,https://insights.datylon.com/stories/vyl9HVKNAlSO7vbXR6pJCw,downloadable,,,,,,,,,,,,
Diverging Stacked Bar Chart,7,ok,Datylon,https://insights.datylon.com/stories/vlnwCk-K4g0kkrdtGSVC1Q,downloadable,,,,,,,,,,,,
Diverging Stacked Bar Chart,8,ok,Datylon,https://insights.datylon.com/stories/jxgTr06G-ndlbUbkbZpEtw,downloadable,,,,,,,,,,,,
Diverging Stacked Bar Chart,9,ok,Free Range Stats,http://freerangestats.info/blog/2019/11/03/re-creating-microdata,downloadable,,,,,,,,,,,,
Diverging Stacked Bar Chart,10,ok,ELM Packages,https://package.elm-lang.org/packages/gampleman/elm-visualization/latest/Shape,,,,,,,,,,,,,
Diverging Stacked Bar Chart,11,ok,Su Yinn's Blog,https://suyiinang.netlify.app/posts/tableau_howto/03_likert/,,,,,,,,,,,,,
Waffle Chart,2,ok,Mascot.js,https://mascot-vis.github.io/gallery.html#MultipleWaffleCharts,downloadable,Multiple,,,,,,,,,,,
Waffle Chart,3,ok,data illustrator umd,https://data-illustrator.cs.umd.edu/app/index.html?project=waffle,downloadable,,,,,,,,,,,,
Waffle Chart,4,ok,kaggle,https://www.kaggle.com/general/114798,downloadable,,,,,,,,,,,,
Waffle Chart,5,ok,kaggle,https://www.kaggle.com/general/114798,downloadable,,,,,,,,,,,,
Waffle Chart,6,ok,nivo rocks,https://nivo.rocks/waffle/,downloadable,,,,,,,,,,,,
Waffle Chart,7,ok,pywaffle,https://pywaffle.readthedocs.io/en/latest/examples/formats_of_values.html,downloadable,Multiple,,,,,,,,,,,
Waffle Chart,8,incomplete,Blocks,http://bl.ocks.org/XavierGimenez/8070956,downloadable,,,,,,,,,,,,
Waffle Chart,9,ok,datylon,https://www.datylon.com/blog/types-of-charts-graphs-examples-data-visualization,downloadable,,,,,,,,,,,,
Waffle Chart,10,ok,pywaffle,https://github.com/gyli/PyWaffle/blob/master/docs/examples/block_colors.md,downloadable,,,,,,,,,,,,
Donut Chart,1,ok,Datylon,https://insights.datylon.com/stories/sfoIRoAR3q-oB0eCyTFB0w,downloadable,,,,,,,,,,,,
Donut Chart,2,,,https://insights.datylon.com/stories/sfoIRoAR3q-oB0eCyTFB0w,,,,,,,,,,,,,
Donut Chart,3,ok,D3.js,https://bl.ocks.org/mbostock/3887193,downloadable,,,,,,,,,,,,
Donut Chart,4,ok,datylon,https://www.datylon.com/resources/chart-library/donut-chart,downloadable,,,,,,,,,,,,
Donut Chart,5,ok,apexcharts,https://apexcharts.com/javascript-chart-demos/pie-charts/,downloadable,,,,,,,,,,,,
Donut Chart,6,ok,wikimedia,https://commons.wikimedia.org/wiki/File:Donut-Chart.svg,downloadable,,,,,,,,,,,,
Donut Chart,7,ok,D3.js,https://observablehq.com/@thetylerwolf/day-6-donut-chart,downloadable,,,,,,,,,,,,
Donut Chart,8,ok,Google Charts,https://developers.google.com/chart/interactive/docs/gallery/piechart#donut,downloadable,,,,,,,,,,,,
Donut Chart,9,ok,Plotly,https://plotly.com/javascript/pie-charts/#donut-chart,downloadable,,,,,,,,,,,,
Donut Chart,10,ok,Vega lite,https://vega.github.io/vega/examples/donut-chart/,downloadable,,,,,,,,,,,,
Donut Chart,11,ok,datylon,https://www.datylon.com/blog/types-of-charts-graphs-examples-data-visualization#donut-chart,downloadable,,,,,,,,,,,,
Donut Chart,12,ok,pearson,https://accessibility.pearson.com/resources/dataviz/,downloadable,,,,,,,,,,,,
Treemap,1,ok,D3.js,https://bl.ocks.org/mbostock/4063582,downloadable,,,,,,,,,,,,
Treemap,2,ok,Datyon,https://insights.datylon.com/stories/vGS_pEulvCsEjQlCp5lB2w,downloadable,,,,,,,,,,,,
Treemap,3,ok,Datyon,https://insights.datylon.com/stories/jmqYaDrvpjskFmwW_bFLmw,downloadable,,,,,,,,,,,,
Treemap,4,ok,TIBC,https://www.tibco.com/reference-center/what-is-a-treemap-chart,downloadable,,,,,,,,,,,,
Treemap,5,ok,Digrai,https://diagrammm.com/treemap,downloadable,,,,,,,,,,,,
Treemap,6,ok,Macrobond,https://help.macrobond.com/tutorials-training/4-charting/types-of-charts/outside-of-macrobond/charts-with-r/treemap/,downloadable,,,,,,,,,,,,
Treemap,7,ok,High Charts,https://www.highcharts.com/demo/treemap-large-dataset,downloadable,,,,,,,,,,,,
Treemap,8,ok,PlotDB,https://plotdb.com/chart/1006/#,downloadable,,,,,,,,,,,,
Treemap,9,ok,Plotly,https://plotly.com/javascript/treemaps/,downloadable,,,,,,,,,,,,
Treemap,10,ok,Vega lite,https://vega.github.io/vega/examples/treemap/,downloadable,,,,,,,,,,,,
Arc Diagram,1,ok,wiki,https://en.wikipedia.org/wiki/Arc_diagram,,,,,,,,,,,,,
Arc Diagram,2,ok,High Charts,https://www.highcharts.com/docs/chart-and-series-types/arc-diagram,downloadable,,,,,,,,,,,,
Arc Diagram,3,ok,High Charts,https://www.highcharts.com/docs/chart-and-series-types/arc-diagram,downloadable,,,,,,,,,,,,
Arc Diagram,4,ok,High Charts,https://www.highcharts.com/docs/chart-and-series-types/arc-diagram,downloadable,,,,,,,,,,,,
Arc Diagram,5,ok,github,https://sandeshkalantre.github.io/TopNum2/,,,,,,,,,,,,,
Arc Diagram,6,ok,Alex Jargo,https://abjago.net/transit-patronage-visualiser/,,,,,,,,,,,,,
Arc Diagram,7,ok,GanBatte,https://ganbatte.world/cities/what-is-the-circular-economy/,,,,,,,,,,,,,
Arc Diagram,8,ok,D3JS,https://www.data-to-viz.com/graph/arc.html,recreate,,,,,,,,,,,,
Arc Diagram,9,ok,D3JS,https://observablehq.com/@stefanreifenberg/basic-arc-diagram,downloadable,,,,,,,,,,,,
Arc Diagram,10,ok,D3Js,https://observablehq.com/@lvngd/nyc-taxi-rides-d3-arc-diagram,downloadable,,,,,,,,,,,,
Area Chart,1,ok,Vega ,https://vega.github.io/vega/examples/area-chart/,downloadable,,,,,,,,,,,,
Area Chart,2,ok,D3.js,https://observablehq.com/@elishaterada/simple-area-chart-with-tooltip,downloadable,,,,,,,,,,,,
Area Chart,3,ok,apex charts,https://apexcharts.com/docs/chart-types/area-chart/,,,,,,,,,,,,,
Area Chart,4,ok,,,,,,,,,,,,,,,
Area Chart,5,ok,D3.js,https://observablehq.com/@valentinachaconbuitrago/area-chart-with-focus-context,downloadable,,,,,,,,,,,,
Area Chart,6,ok,D3.js,https://observablehq.com/@bartok32/real-time-area-chart,downloadable,,,,,,,,,,,,
Area Chart,7,ok,D3.js,https://observablehq.com/@d3/zoomable-area-chart,downloadable,,,,,,,,,,,,
Area Chart,8,ok,apex charts,https://apexcharts.com/react-chart-demos/range-area-charts/,downloadable,,,,,,,,,,,,
Area Chart,9,ok,D3.js,https://observablehq.com/@xianwu/area-chart-basic,downloadable,,,,,,,,,,,,
Area Chart,10,ok,evidence,https://docs.evidence.dev/features/charts/area-chart#area,downloadable,,,,,,,,,,,,
Bubble Chart,1,ok,Datylon,https://insights.datylon.com/stories/qS11V4CyLM1etV1Q925FOg,downloadable,,,,,,,,,,,,
Bubble Chart,2,ok,Datylon,https://insights.datylon.com/stories/jVPwg1Q_CeguvLAxY4VJKw,downloadable,,,,,,,,,,,,
Bubble Chart,3,ok,Apex charts,https://apexcharts.com/javascript-chart-demos/bubble-charts/simple/,,,,,,,,,,,,,
Bubble Chart,4,ok,Datylon,https://insights.datylon.com/stories/sUH1REVrdrPZhjXbIOJABA,downloadable,,,,,,,,,,,,
Bubble Chart,5,ok,Datylon,https://insights.datylon.com/stories/jZ9edVDAp0wT6rQzn5FDng,downloadable,,,,,,,,,,,,
Bubble Chart,6,ok,atlas,https://mascot-vis.github.io/gallery#BubblePlot,downloadable,,,,,,,,,,,,
Bubble Chart,7,ok,Datylon,https://www.datylon.com/product/chart-library/bubble-chart,downloadable,,,,,,,,,,,,
Bubble Chart,8,ok,Vega lite,https://vega.github.io/vega-lite/examples/point_bubble.html,downloadable,,,,,,,,,,,,
Bubble Chart,9,ok,Vega lite,https://vega.github.io/vega-lite/examples/circle_bubble_health_income.html,downloadable,,,,,,,,,,,,
Bubble Chart,10,ok,Vega lite,https://vega.github.io/vega-lite/examples/circle_natural_disasters.html,downloadable,,,,,,,,,,,,
Stacked Area Chart,1,ok,DataWrapper,https://academy.datawrapper.de/article/106-how-to-create-an-area-chart,downloadable,,,,,,,,,,,,
Stacked Area Chart,12,ok,apex charts,https://apexcharts.com/javascript-chart-demos/area-charts/stacked/,downloadable,,,,,,,,,,,,
Stacked Area Chart,2,ok,DataWrapper,https://www.datawrapper.de/_/8Wwvx/,downloadable,,,,,,,,,,,,
Stacked Area Chart,3,ok,observable,https://observablehq.com/@marcsoh-smu/stacked-area-chart-of-tb-cases-in-africa-2000-to-2021,downloadable,,,,,,,,,,,,
Stacked Area Chart,4,ok,Datylon,https://insights.datylon.com/stories/t8_KLLekHtE6msHLYtlP4w,downloadable,,,,,,,,,,,,
Stacked Area Chart,5,ok,python,https://www.data-to-viz.com/graph/stackedarea.html,,,,,,,,,,,,,
Stacked Area Chart,11,,,,,,,,,,,,,,,,
Stacked Area Chart,6,ok,anychart,https://www.anychart.com/products/anychart/gallery/Area_Charts/Stacked_Area_Chart.php,downloadable,,,,,,,,,,,,
Stacked Area Chart,7,legend,Plotly,https://plotly.com/python/filled-area-plots/,downloadable,,,,,,,,,,,,
Stacked Area Chart,13,ok,apex charts,https://apexcharts.com/docs/chart-types/area-chart/,,,,,,,,,,,,,
Stacked Area Chart,8,ok,D3.Js,https://observablehq.com/@miralemd/picasso-js-stacked-area-chart,downloadable,,,,,,,,,,,,
Stacked Area Chart,14,ok,grunt,https://www.grunt.pro/product/charts,,,,,,,,,,,,,
Stacked Area Chart,9,ok,D3.Js,https://observablehq.com/@bigshow/stacked-area-chart,downloadable,,,,,,,,,,,,
Stacked Area Chart,,ok,mathspace,https://mathspace.co/textbooks/syllabuses/Syllabus-813/topics/Topic-18223/subtopics/Subtopic-279123/?activeTab=worksheet,,,,,,,,,,,,,
Stacked Area Chart,10,ok,Vega lite,https://vega.github.io/vega/examples/stacked-area-chart/,downloadable,,,,,,,,,,,,
Calendar,1,legend,Vega ,https://vega.github.io/vega/examples/calendar-view/,downloadable,,,,,,,,,,,,
Calendar,11,ok,apex charts,https://apexcharts.com/javascript-chart-demos/heatmap-charts/color-range/,,,,,,,,,,,,,
Calendar,2,ok,zingchart,https://www.zingchart.com/docs/chart-types/calendar,downloadable,,,,,,,,,,,,
Calendar,3,ok,observable,https://observablehq.com/@ee2dev/plot-exploration-how-to-customize-the-calendar-visualizat,downloadable,,,,,,,,,,,,
Calendar,4,ok,observable,https://observablehq.com/@ee2dev/plot-exploration-how-to-customize-the-calendar-visualizat,downloadable,,,,,,,,,,,,
Calendar,5,ok,wiards,https://www.wiards.com/orchard-info/calendar-and-hours,downloadable,,,,,,,,,,,,
Calendar,6,ok,anychart,https://www.anychart.com/products/anychart/gallery/Calendar_Chart/GitHub_Contributions.php,downloadable,,,,,,,,,,,,
Calendar,7,ok,anychart,https://www.anychart.com/products/anychart/gallery/Calendar_Chart/Mike_Bostock_GitHub_Contributions.php?theme=lightGlamour,,,,,,,,,,,,,
Calendar,8,ok,observable,https://observablehq.com/@stvkas/streaking-calendar,downloadable,,,,,,,,,,,,
Calendar,12,ok,apex charts,https://apexcharts.com/javascript-chart-demos/heatmap-charts/basic/,,,,,,,,,,,,,
Calendar,9,ok,observable,https://observablehq.com/@josephg/calendar-generator,downloadable,,,,,,,,,,,,
Calendar,10,ok,observable,https://observablehq.com/@nyem69/calendar,downloadable,,,,,,,,,,,,
Proportional shape chart,,,,,,,,,,,,,,,,,
Proportional shape chart,,,,,,,,,,,,,,,,,
Proportional shape chart,,,,,,,,,,,,,,,,,
Proportional shape chart,,,,,,,,,,,,,,,,,
Proportional shape chart,,,,,,,,,,,,,,,,,
Proportional shape chart,,,,,,,,,,,,,,,,,
Proportional shape chart,,,,,,,,,,,,,,,,,
Proportional shape chart,,,,,,,,,,,,,,,,,
Proportional shape chart,,,,,,,,,,,,,,,,,
Proportional shape chart,10,,,,,,,,,,,,,,,,
Density plot,1,ok,wikipedia,https://en.wikipedia.org/wiki/File:Rating_count_density_by_project_quality_assessment.svg,downloadable,,,,,,,,,,,,
Density plot,2,ok,dataviz catalogue,https://datavizcatalogue.com/methods/density_plot.html,downloadable,,,,,,,,,,,,
Density plot,3,ok,d3 graph,https://d3-graph-gallery.com/graph/density_basic.html,downloadable,,,,,,,,,,,,
Density plot,4,ok,wikimedia,https://commons.wikimedia.org/wiki/File:Reaction_time_density_plot.svg,downloadable,,,,,,,,,,,,
Density plot,5,ok,vega,https://vega.github.io/vega-lite/examples/area_density.html,downloadable,,,,,,,,,,,,
Density plot,6,ok,atlas,https://mascot-vis.github.io/gallery.html#DensityPlot,downloadable,,,,,,,,,,,,
Density plot,7,ok,datylon,https://insights.datylon.com/stories/r5Suw19BKP9CwiaV_xBLqA,downloadable,,,,,,,,,,,,
Density plot,8,ok,datylon,https://insights.datylon.com/stories/nsmK7uWJ_-KayTsMLKBPbA,downloadable,,,,,,,,,,,,
Density plot,9,ok,wilkelab,https://wilkelab.org/SDS375/slides/visualizing-distributions-2_files/figure-html/temps_densities_overlapping-1.svg,downloadable,,,,,,,,,,,,
Density plot,10,ok,ohio university,https://people.ohio.edu/ruhil/RBookNew/visualizing-data.html,downloadable,,,,,,,,,,,,
Circle Packing,1,,d3indepth,https://www.d3indepth.com/introduction/,recreate,,,,,,,,,,,,
Circle Packing,2,ok,amcharts,https://www.amcharts.com/demos-v4/packed-circle-chart-v4/,downloadable,,,,,,,,,,,,
Circle Packing,3,no-fill,D3.js,https://bl.ocks.org/mbostock/4063530,downloadable,,,,,,,,,,,,
Circle Packing,4,ok,r graph,https://r-graph-gallery.com/circle-packing.html,downloadable,,,,,,,,,,,,
Circle Packing,5,ok,Vega,https://vega.github.io/vega/examples/circle-packing/,downloadable,,,,,,,,,,,,
Circle Packing,6,ok,zingchart,https://www.zingchart.com/docs/chart-types/bubble-pack,downloadable,,,,,,,,,,,,
Circle Packing,7,ok,D3.js,https://observablehq.com/@d3/pack,downloadable,,,,,,,,,,,,
Circle Packing,8,ok,D3.js,https://observablehq.com/@d3/bubble-chart,downloadable,,,,,,,,,,,,
Circle Packing,9,ok,D3.js,https://observablehq.com/@didoesdigital/d3-circle-packing,downloadable,,,,,,,,,,,,
Circle Packing,10,ok,D3.js,https://observablehq.com/d/c5055cd545937e32,downloadable,,,,,,,,,,,,
Circle Packing,11,ok,observable,https://observablehq.com/@danyyyy89/force-simulation-to-visualize-word-cloud,downloadable,,,,,,,,,,,,
Circle Packing,12,ok,observable,https://observablehq.com/@danielefadda/force-simulation-to-visualize-word-cloud-with-split-versio ,downloadable,,,,,,,,,,,,
Circle Packing,13,ok,Wiki commons,https://commons.wikimedia.org/wiki/File:Bubble_chart_of_programming_paradigms_en.svg,downloadable,,,,,,,,,,,,
Connected Dot Plot,1,ok,D3.js,https://bl.ocks.org/maartenzam/6235b42b9f9ec3851c492082957180d8,downloadable,,,,,,,,,,,,
Connected Dot Plot,,,,,,,,,,,,,,,,,
Connected Dot Plot,3,ok,plotdb,https://plotdb.com/chart/980/#,downloadable,,,,,,,,,,,,
Connected Dot Plot,4,ok,Vegalite ,https://vega.github.io/vega-lite/examples/layer_ranged_dot.html,downloadable,,,,,,,,,,,,
Connected Dot Plot,5,ok,Vegalite ,https://observablehq.com/@d3/dot-plot,downloadable,,,,,,,,,,,,
Connected Dot Plot,11,ok,datalyon,https://www.datylon.com/blog/how-to-make-a-dot-plot-in-adobe-illustrator,,,,,,,,,,,,,
Connected Dot Plot,6,ok,D3.js,https://observablehq.com/@lorenries/political-science-rankings-connected-dot-plot,downloadable,,,,,,,,,,,,
Connected Dot Plot,13,ok,datalyon,https://www.datylon.com/resources/chart-library/dot-plot,,,,,,,,,,,,,
Connected Dot Plot,7,ok,D3.js,https://observablehq.com/@didoesdigital/1-august-2020-d3-dumbbell-plot,downloadable,,,,,,,,,,,,
Connected Dot Plot,8,ok,Altas.js,https://mascot-vis.github.io/gallery.html#LollipopChart,downloadable,,,,,,,,,,,,
Connected Dot Plot,9,ok,Altas.js,https://mascot-vis.github.io/gallery.html#DumbbellChart,downloadable,,,,,,,,,,,,
Connected Dot Plot,,,,,,,,,,,,,,,,,
Connected Dot Plot,11,,storytellingwithdata,https://www.storytellingwithdata.com/blog/2021/8/12/creating-dot-plots,needs to recreate,,,,,,,,,,,,
Connected Dot Plot,12,ok,observable,https://observablehq.com/@flekschas/range-chart,downloadable,,,,,,,,,,,,
Polar Area Chart,1,ok,visual paradigm online,https://online.visual-paradigm.com/community/share/100-stacked-rose-chart-art-m74ckhugo,downloadable,,,,,,,,,,,,
Polar Area Chart,2,ok,HighCharts,https://www.highcharts.com/demo/polar-wind-rose,downloadable,,,,,,,,,,,,
Polar Area Chart,3,,,,,,,,,,,,,,,,
Polar Area Chart,4,ok,Data Viz Catalogue,https://datavizcatalogue.com/methods/nightingale_rose_chart.html,downloadable,,,,,,,,,,,,
Polar Area Chart,5,ok,Vega lite,https://vega.github.io/vega/examples/radial-plot/,downloadable,,,,,,,,,,,,
Polar Area Chart,6,,anychart,https://www.anychart.com/products/anychart/gallery/Polar_Charts/Polygon_Polar_Chart.php?theme=lightEarth,,,,,,,,,,,,,
Polar Area Chart,7,ok,D3.js,https://observablehq.com/@asier/polar-area-chart,downloadable,,,,,,,,,,,,
Polar Area Chart,8,ok,D3.js,https://observablehq.com/@sophiamersmann/polar-area-chart,downloadable,,,,,,,,,,,,
Polar Area Chart,9,,amCharts,https://www.amcharts.com/demos-v4/polar-area-chart-v4/,downloadable,,,,,,,,,,,,
Polar Area Chart,10,,,,downloadable,,,,,,,,,,,,
Polar Area Chart,11,ok,plotly,https://plotly.com/python/polar-chart/,downloadable,,,,,,,,,,,,
Polar Area Chart,12,ok,R,https://cran.r-project.org/web/packages/actel/readme/README.html,downloadable,,,,,,,,,,,,
Polar Area Chart,13,,,,downloadable,,,,,,,,,,,,
Polar Area Chart,14,ok,ioDraw,https://www.iodraw.com/en/template/bar-polar-stack-radial,,,,,,,,,,,,,
Radial Bar Chart,1,ok,Freetrade,https://freetrade.io/stocks-and-shares-isa/isa-research,downloadable,,,,,,,,,,,,
Radial Bar Chart,2,ok,State of Global Expansion,https://stateofglobalexpansion.com/index.html,downloadable,,,,,,,,,,,,
Radial Bar Chart,3,ok,MIT technology review,https://www.technologyreview.com/2021/06/10/1026038/transforming-health-care-at-the-edge/,downloadable,,,,,,,,,,,,
Radial Bar Chart,4,ok,Fyllo,https://hellofyllo.com/resources/blog/marketing-solutions/2022-the-most-diverse-420-ever,downloadable,,,,,,,,,,,,
Radial Bar Chart,5,ok,highcharts,https://www.highcharts.com/demo/ios/polar-radial-bar,downloadable,,,,,,,,,,,,
Radial Bar Chart,6*,ok,iodraw,https://www.iodraw.com/en/template/bar-polar-label-tangential,downloadable,,,,,,,,,,,,
Radial Bar Chart,7,ok,iren,https://report2020.gruppoiren.it/en/sustainability/customers-and-communities/customers-and-services,downloadable,,,,,,,,,,,,
Radial Bar Chart,8,ok,PredictHQ,https://www.predicthq.com/blog/top-ten-states-recovery,downloadable,,,,,,,,,,,,
Radial Bar Chart,9,ok,apexcharts,https://apexcharts.com/javascript-chart-demos/radialbar-charts/custom-angle-circle/,downloadable,,,,,,,,,,,,
Radial Bar Chart,11,ok,apexcharts,https://apexcharts.com/javascript-chart-demos/radialbar-charts/multiple-radialbars/,,,,,,,,,,,,,
Radial Bar Chart,10,ok,dettol,https://www.dettol.co.nz/health-hygiene/personal/sanitising-hands-out-of-home/,downloadable,,,,,,,,,,,,
Bar Chart in Radial Layout,1,ok,matplotlib,https://agill.xyz/research/haiku/analysis/colors,downloadable,,,,,,,,,,,,
Bar Chart in Radial Layout,2,ok,observable,https://observablehq.com/@d3/radial-stacked-bar-chart,downloadable,,,,,,,,,,,,
Bar Chart in Radial Layout,3,ok,observable,https://observablehq.com/@s0rta/radial-bar-chart-proof-of-conecpt,downloadable,,,,,,,,,,,,
TBD,4,,observable,https://observablehq.com/@elleryyixin/d3-radial-stacked-bar-chart,downloadable,,,,,,,,,,,,
TBD,5,,observable,https://observablehq.com/@johnfischbeck/radial-stacked-bar-chart-ii,downloadable,,,,,,,,,,,,
Bar Chart in Radial Layout,6,ok,observable,https://observablehq.com/@instancia/radial-stacked-bar-chart,downloadable,,,,,,,,,,,,
Bar Chart in Radial Layout,7,ok,observable,https://observablehq.com/@kclosu/radial-stacked-bar-chart,downloadable,,,,,,,,,,,,
Bar Chart in Radial Layout,8,ok,datavizcatalogue,https://datavizcatalogue.com/methods/radial_column_chart.html,downloadable,,,,,,,,,,,,
Bar Chart in Radial Layout,9,ok,observable,https://observablehq.com/@paulyiu/radial-stacked-bar-chart/2,downloadable,,,,,,,,,,,,
TBD,10,,observable,https://observablehq.com/d/61c449251937e3d6,downloadable,,,,,,,,,,,,
Bar Chart in Radial Layout,11,ok,PredictHQ,https://www.predicthq.com/blog/ldi-july22,downloadable,,,,,,,,,,,,
Bar Chart in Radial Layout,12,ok,commerce ai,https://www.commerce.ai/company/2020-ecommerce-report,downloadable,,,,,,,,,,,,
Bar Chart in Radial Layout,13,ok,Norwegian National Human Rights Institution,https://www.nhri.no/arsmelding/arsmelding2021/emd-og-norge-en-historisk-oversikt/emd-int-stat-2021-ferdig-copy/,downloadable,,,,,,,,,,,,
Radar Chart,1,ok,creately,https://creately.com/diagram/example/jlq2kb2u2/radar-chart-example,downloadable,,,,,,,,,,,,
Radar Chart,2,ok,D3.js,https://observablehq.com/@avoits/polar-chart,downloadable,,,,,,,,,,,,
Radar Chart,3,ok,D3.js,https://observablehq.com/@marit970/radar-plot,downloadable,,,,,,,,,,,,
Radar Chart,4,ok,D3.js,https://observablehq.com/@huangshew/spider-chart/2,downloadable,,,,,,,,,,,,
Radar Chart,5,ok,HighCharts,https://www.highcharts.com/demo/polar,downloadable,,,,,,,,,,,,
Radar Chart,6,ok,TIBCO,https://www.tibco.com/reference-center/what-is-a-radar-chart,,,,,,,,,,,,,
Radar Chart,7,ok,Vega,https://vega.github.io/vega/examples/radar-chart/,downloadable,,,,,,,,,,,,
Radar Chart,8,ok,JS Charting,https://jscharting.com/examples/chart-types/radar-polar/area/,downloadable,,,,,,,,,,,,
Radar Chart,9,ok,CUBA,https://doc.cuba-platform.com/charts-latest/radar_chart.html,downloadable,,,,,,,,,,,,
Radar Chart,10,ok,,https://www.amcharts.com/demos-v4/radar-chart-v4/,downloadable,,,,,,,,,,,,
Matrix Diagram,1,ok,amCharts,https://observablehq.com/@bstaats/matrix-diagram,downloadable,,,,,,,,,,,,
Matrix Diagram,2,ok,Datylon,https://insights.datylon.com/stories/kTQJkb9CukJtArIDROJO1w,,,,,,,,,,,,,
Matrix Diagram,3,ok,Wikimedia,https://commons.wikimedia.org/wiki/File:Risk_Analysis_Chart.svg,,,,,,,,,,,,,
Matrix Diagram,4,ok,observable,https://observablehq.com/@fil/matrix-diagram,,,,,,,,,,,,,
Matrix Diagram,5,ok,observable,https://observablehq.com/d/9dc0f30b60feeca0,,,,,,,,,,,,,
Matrix Diagram,6,ok,observable,https://observablehq.com/@burrussmp/designing-a-customizable-confusion-matrix-in-d3,,,,,,,,,,,,,
Matrix Diagram,7,ok,observable,https://observablehq.com/@arcayle/a-customizable-interactive-confusion-matrix,,,,,,,,,,,,,
Matrix Diagram,8,ok,Datylon,https://www.datylon.com/blog/types-of-charts-graphs-examples-data-visualization#matrix-chart,,,,,,,,,,,,,
Matrix Diagram,9,ok,creatly,https://creately.com/diagram/example/ReutHhh4gus/confrontation-matrix-template,,,,,,,,,,,,,
Matrix Diagram,10,ok,jupternotebook,https://pidnotebooks.org/pages/pidgraph-notebooks-python/user-story-3-impacts-of-organization/,,,,,,,,,,,,,
Box-and-whisker plot,1,ok,nagwa,https://www.nagwa.com/en/explainers/812192146073/,,,,,,,,,,,,,
Box-and-whisker plot,2,ok,apexchart,https://apexcharts.com/docs/chart-types/boxplot/,,,,,,,,,,,,,
Box-and-whisker plot,3,ok,khan ,https://www.khanacademy.org/math/statistics-probability/summarizing-quantitative-data/box-whisker-plots/a/box-plot-review,,,,,,,,,,,,,
Box-and-whisker plot,4,ok,codeacademy,https://www.codecademy.com/learn/stats-associations-between-variables/modules/stats-associations-between-variables/cheatsheet,,,,,,,,,,,,,
Box-and-whisker plot,5,ok,apexchart,https://apexcharts.com/docs/chart-types/boxplot/,,,,,,,,,,,,,
Box-and-whisker plot,6,ok,AH,https://alex-hhh.github.io/2021/04/box-and-whiskers-plot.html,,,,,,,,,,,,,
Box-and-whisker plot,7,ok,observable,https://observablehq.com/@d3/box-plot,,,,,,,,,,,,,
Box-and-whisker plot,8,ok,observable,https://observablehq.com/@mukhtyar/box-plot,,,,,,,,,,,,,
Box-and-whisker plot,9,ok,vega github,https://vega.github.io/vega-lite/examples/boxplot_minmax_2D_vertical.html,,,,,,,,,,,,,
Box-and-whisker plot,10,ok,data illustrator,https://data-illustrator.cs.umd.edu/app/index.html?project=few_box_plot,,,,,,,,,,,,,
Candlestick Chart,1,ok,codepen,https://codepen.io/frederickallen/pen/MZXNVY,,generates multiple,very similar to boxplot,,,,,,,,,,
Candlestick Chart,2,ok,github,https://github.com/garys-io/garys-io-candlestick-chart-d3,downloadable,,"click on ""Live Preview"" to download",,,,,,,,,,
Candlestick Chart,3,ok,Fusion Chart,https://www.fusioncharts.com/dev/chart-guide/standard-charts/candlestick-chart,,,,,,,,,,,,,
Candlestick Chart,4,ok,Tibco,https://www.tibco.com/reference-center/what-is-a-candlestick-chart,,,,,,,,,,,,,
Candlestick Chart,5,ok,JuliaStats,https://juliastats.org/TimeSeries.jl/latest/plotting/,,,,,,,,,,,,,
Candlestick Chart,6,ok,Diagrammm,https://diagrammm.com/candlestick_chart,,,,,,,,,,,,,
Candlestick Chart,7,ok,Wikipedia,https://en.wikipedia.org/wiki/File:Candlestick_chart_scheme_02-en.svg,,,,,,,,,,,,,
Candlestick Chart,8,ok,ObservableHq,https://observablehq.com/@d3/candlestick-chart,,,,,,,,,,,,,
Candlestick Chart,9,ok,Forex,https://www.forex.com/en-us/trading-academy/courses/technical-analysis/key-candlestick-patterns/,,,,,,,,,,,,,
Candlestick Chart,10,ok,enrichmoney,https://enrichmoney.in/blog-article/top-5-candlestick-patterns-traders-must-know,,,,,,,,,,,,,
Venn Diagram,1,ok,wikimedia,https://commons.wikimedia.org/wiki/File:Venn_Diagram_of_Numbers.svg,,,,,,,,,,,,,
Venn Diagram,2,ok,mmerevise,https://mmerevise.co.uk/gcse-maths-revision/venn-diagrams/,,,,,,,,,,,,,
Venn Diagram,3,ok,wikimedia,https://commons.wikimedia.org/wiki/File:Venn_diagram_coloured.svg,downloadable,,,,,,,,,,,,
Venn Diagram,4,ok,digrammm,https://diagrammm.com/venn_diagram,,,,,,,,,,,,,
Venn Diagram,5,ok,freesvg,https://freesvg.org/venn-diagram,downloadable,,,,,,,,,,,,
Venn Diagram,6,ok,wikimedia,https://commons.wikimedia.org/wiki/File:Venn_diagram_cmyk.svg,downloadable,,,,,,,,,,,,
Venn Diagram,7,ok,wikipedia,"https://en.wikipedia.org/wiki/File:Venn_diagram_showing_Maximum_Greek,_Latin_and_Cyrillic_letters.svg",downloadable,,,,,,,,,,,,
Venn Diagram,8,ok,nagwa,https://www.nagwa.com/en/worksheets/815127423682/,,,,,,,,,,,,,
Venn Diagram,9,ok,Lucidchart,https://www.lucidchart.com/pages/tutorial/venn-diagram,,,,,,,,,,,,,
Venn Diagram,10,ok,wikichip,https://en.wikichip.org/wiki/File:x86_tme_virtualization_example_venn_diagram.svg,downloadable,,,,,,,,,,,,
Stream Graph,1,ok,Datylon,https://insights.datylon.com/stories/mYTOaOfgUWal7LFDN3VAlQ,downloadable,,,,,,,,,,,,
Stream Graph,2,ok,Datylon,https://insights.datylon.com/stories/ntmFCLHAVy454T6t8NFA-A,downloadable,,,,,,,,,,,,
Stream Graph,3,ok,PlotDB,https://plotdb.com/chart/1038/,,,,,,,,,,,,,
Stream Graph,4,ok,Datylon,https://www.datylon.com/blog/types-of-charts-graphs-examples-data-visualization,downloadable,,,,,,,,,,,,
Stream Graph,5,ok,Dataviz Catalogue,https://datavizcatalogue.com/methods/stream_graph.html,downloadable,,,,,,,,,,,,
Stream Graph,6,ok,Highcharts,https://www.highcharts.com/demo/streamgraph/dark-unica,downloadable,,,,,,,,,,,,
Stream Graph,7,ok,Data to Viz,https://www.data-to-viz.com/graph/streamgraph.html,,,,,,,,,,,,,
Stream Graph,8,ok,Streamgraphs Github,https://streamgraphs.github.io/marketcap.html,,,,,,,,,,,,,
Stream Graph,9,ok,wikipedia,https://en.wikipedia.org/wiki/Streamgraph#/media/File:LastGraph_example.svg,downloadable,,,,,,,,,,,,
Stream Graph,10,ok,Highcharts,https://www.highcharts.com/blog/chartchooser/streamgraph-flow-continuous/,downloadable,,,,,,,,,,,,
Stream Graph,11,ok,Edge Theory,https://edgetheory.com/kudzu,,,,,,,,,,,,,
Parallel Coordinates Plot,1,ok,Mascot.js,https://mascot-vis.github.io/gallery.html#ParallelCoordinates,downloadable,,,,,,,,,,,,
Parallel Coordinates Plot,2,ok,Dataviz Catalogue,https://datavizcatalogue.com/methods/parallel_coordinates.html,downloadable,,,,,,,,,,,,
Parallel Coordinates Plot,3,ok,Datylon,https://www.datylon.com/blog/types-of-charts-graphs-examples-data-visualization,downloadable,,,,,,,,,,,,
Parallel Coordinates Plot,4,ok,Data Illustrator,https://data-illustrator.cs.umd.edu/app/index.html?project=cars_parallel_coordinates,downloadable,,,,,,,,,,,,
Parallel Coordinates Plot,5,ok,Highcharts,https://www.highcharts.com/demo/parallel-coordinates,downloadable,,,,,,,,,,,,
Parallel Coordinates Plot,6,ok,Matplot++,https://alandefreitas.github.io/matplotplusplus/plot-types/data-distribution/parallel-coordinates/,downloadable,,,,,,,,,,,,
Parallel Coordinates Plot,7,ok,UMich Stat,https://dept.stat.lsa.umich.edu/~kshedden/introds/topics/graphical_summaries/,downloadable,,,,,,,,,,,,
Parallel Coordinates Plot,8,,,,downloadable,,,,,,,,,,,,
Parallel Coordinates Plot,9,ok,RAWGraphs,https://blog.jpl.design/posts/f20/info-design/raw/,downloadable,,,,,,,,,,,,
Parallel Coordinates Plot,10,ok,Our World in Data,https://ourworldindata.org/grapher/total-fertility-rate-slope-chart,downloadable,,,,,,,,,,,,
Parallel Coordinates Plot,,,,,,,,,,,,,,,,,
Parallel Coordinates Plot,,,,,,,,,,,,,,,,,
Kagi Chart,1,ok,d3-kagi,https://arpitnarechania.github.io/d3-kagi/,downloadable,,,,,,,,,,,,
Kagi Chart,2,ok,Dataviz Catalogue,https://datavizcatalogue.com/methods/kagi_chart.html,downloadable,,,,,,,,,,,,
Kagi Chart,3,ok,diagrammm,https://diagrammm.com/kagi_chart,downloadable,,,,,,,,,,,,
Kagi Chart,4,ok,diagrammm,https://diagrammm.com/kagi_chart,downloadable,,,,,,,,,,,,
Kagi Chart,5,ok,Dataviz Catalogue,https://datavizcatalogue.com/methods/kagi_chart.html,downloadable,,,,,,,,,,,,
Kagi Chart,6,no-fill,d3-kagi,https://arpitnarechania.github.io/d3-kagi/,,,,,,,,,,,,,
Kagi Chart,7,no-fill,d3-kagi,https://arpitnarechania.github.io/d3-kagi/,,,,,,,,,,,,,
Kagi Chart,8,no-fill,d3-kagi,https://arpitnarechania.github.io/d3-kagi/,,,,,,,,,,,,,
Kagi Chart,9,no-fill,d3-kagi,https://arpitnarechania.github.io/d3-kagi/,,,,,,,,,,,,,
Kagi Chart,10,no-fill,d3-kagi,https://arpitnarechania.github.io/d3-kagi/,,,,,,,,,,,,,
Kagi Chart,11,no-fill,d3-kagi,https://arpitnarechania.github.io/d3-kagi/,,,,,,,,,,,,,
Kagi Chart,12,no-fill,d3-kagi,https://arpitnarechania.github.io/d3-kagi/,,,,,,,,,,,,,
Spiral Plot,1,ok,storytellingwithdata,https://community.storytellingwithdata.com/challenges/jan-2022-visualizing-cycles/global-surface-temperature,downloadable,,,,,,,,,,,,
Spiral Plot,2,ok,observable,https://observablehq.com/@tomshanley/spiral-heatmap-northern-hemisphere-sea-ice-extent-1978-to-2,downloadable,,,,,,,,,,,,
Spiral Plot,3,ok,observable,https://observablehq.com/@mwindson/spiral-calendar,downloadable,,,,,,,,,,,,
Spiral Plot,4,ok,observable,https://observablehq.com/@tomshanley/spiral-heatmap,downloadable,,,,,,,,,,,,
Spiral Plot,5,ok,observable,https://observablehq.com/@sawyerclick/condegram,downloadable,,,,,,,,,,,,
Spiral Plot,6,ok,Charticulator,https://charticulator.com/gallery/fitbit_activities.html,downloadable,,,,,,,,,,,,
Spiral Plot,7,ok,Relevant Miscellany,http://www.relevantmisc.com/r/2020/06/01/baby-sleep-radial/,downloadable,,,,,,,,,,,,
Spiral Plot,8,ok,Charticulator,https://charticulator.com/gallery/fitbit_activities.html,,,,,,,,,,,,,
Spiral Plot,9,ok,Charticulator,https://charticulator.com/gallery/fitbit_activities.html,,,,,,,,,,,,,
Spiral Plot,10,ok,Charticulator,https://charticulator.com/gallery/fitbit_activities.html,,,,,,,,,,,,,
Parallel Sets,1,no-fill,jasondavies.com,https://www.jasondavies.com/parallel-sets/,downloadable,,,,,,,,,,,,
Parallel Sets,2,ok,observable,https://observablehq.com/@d3/parallel-sets,downloadable,,,,,,,,,,,,
Parallel Sets,3,ok,data viz catalogue,https://datavizcatalogue.com/TR/yontemleri/paralel_setler.html,downloadable,,,,,,,,,,,,
Parallel Sets,4,ok,observable,https://observablehq.com/@john-guerra/parallel-sets,downloadable,,,,,,,,,,,,
Parallel Sets,5,ok,data viz catalogue,https://datavizcatalogue.com/TR/yontemleri/paralel_setler.html,,,,,,,,,,,,,
Parallel Sets,,,,,,,,,,,,,,,,,
Parallel Sets,,,,,,,,,,,,,,,,,
Parallel Sets,,,,,,,,,,,,,,,,,
Parallel Sets,,,,,,,,,,,,,,,,,
Parallel Sets,,,,,,,,,,,,,,,,,
Bullet Chart,1,ok,Mascot.js,https://mascot-vis.github.io/gallery.html#BulletChart,downloadable,,,,,,,,,,,,
Bullet Chart,2,,github,https://gist.github.com/mbostock/4061961,downloadable,,,,,,,,,,,,
Bullet Chart,3,,datawrapper,https://www.datawrapper.de/_/h3Jz9/,downloadable,,,,,,,,,,,,
Bullet Chart,4,,datawrapper,https://academy.datawrapper.de/article/18-how-to-create-a-bullet-bar-chart,downloadable,,,,,,,,,,,,
Bullet Chart,5,ok,data viz catalogue,https://datavizcatalogue.com/methods/bullet_graph.html,,,,,,,,,,,,,
Bullet Chart,6,,github,https://gist.github.com/CodeXmonk/6112167,downloadable,,,,,,,,,,,,
Bullet Chart,7,no-fill,observable,https://observablehq.com/@stroked/market-bullets,downloadable,,,,,,,,,,,,
Bullet Chart,8,ok,datylon,https://insights.datylon.com/stories/pdRiJv2a9qTzq2esUDJPDQ,downloadable,,,,,,,,,,,,
Bullet Chart,9,ok,datylon,https://insights.datylon.com/stories/sUH1REVrdrPZhjXbIOJABA,downloadable,,,,,,,,,,,,
Bullet Chart,10,ok,datylon,https://insights.datylon.com/stories/n6auc9_VCR7nUtwlhD5B_A,downloadable,,,,,,,,,,,,
Bullet Chart,11,ok,synergycodes,https://synergycodes.com/blog/top-types-of-charts-graphs-for-expert-data-visualization/,downloadable,,,,,,,,,,,,
Bullet Chart,12,ok,okviz,https://okviz.com/bullet-chart/,downloadable,,,,,,,,,,,,
Bullet Chart,13,ok,IBM,https://www.ibm.com/design/language/data-visualization/charts/,downloadable,,,,,,,,,,,,
Bullet Chart,14,ok,viszone,https://vis.zone/graph/bullet-graph/,downloadable,,,,,,,,,,,,
Bullet Chart,15,ok,wikimedia,https://commons.wikimedia.org/wiki/File:Labelled_Bullet_Graph_Example.svg,downloadable,,,,,,,,,,,,
Bullet Chart,16,ok,fusioncharts,https://www.fusioncharts.com/charts,downloadable,,,,,,,,,,,,
Bullet Chart,17,ok,fusioncharts,https://www.fusioncharts.com/charts/bullet-graphs/horizontal-bullet-graph?framework=javascript,downloadable,,,,,,,,,,,,
Range Chart,1,ok,Mascot.js,https://mascot-vis.github.io/gallery.html#RangeChart,downloadable,,,,,,,,,,,,
Range Chart,2,ok,anychart,https://www.anychart.com/products/anychart/gallery/Range_Charts/Climate_Data.php,downloadable,,,,,,,,,,,,
Range Chart,3,,,,downloadable,,,,,,,,,,,,
,16,ok,bank of finland,https://www.bofbulletin.fi/en/charts/chart/the-price-of-domestic-companies-market-based-funding-has-risen-in-2022/,downloadable,,,,,,,,,,,,
Range Chart,4,,,,downloadable,,,,,,,,,,,,
,17,ok,zingchart,https://www.zingchart.com/docs/chart-types/range,downloadable,,,,,,,,,,,,
Range Chart,5,ok,anychart,https://www.anychart.com/products/anychart/gallery/Range_Charts/Range_Spline-Area_Chart.php,downloadable,,,,,,,,,,,,
Range Chart,6,ok,anychart,https://www.anychart.com/products/anychart/gallery/Range_Charts/Range_Column_Chart.php,downloadable,grouped,,,,,,,,,,,
Range Chart,7,ok,anychart,https://www.anychart.com/products/anychart/gallery/Range_Charts/Range_Step-Area_Chart.php,downloadable,,,,,,,,,,,,
Range Chart,8,ok,anychart,https://www.anychart.com/chartopedia/chart-type/range-area-chart/,,,,,,,,,,,,,
Range Chart,9,ok,anychart,https://docs.anychart.com/Basic_Charts/Range_Bar_Chart,,,,,,,,,,,,,
Range Chart,10,ok,anychart,https://docs.anychart.com/Basic_Charts/Range_Area_Chart,,,,,,,,,,,,,
Range Chart,11,ok,apexcharts,https://apexcharts.com/javascript-chart-demos/range-area-charts/,downloadable,,,,,,,,,,,,
Range Chart,12,ok,apexcharts,https://apexcharts.com/javascript-chart-demos/range-area-charts/combo/,downloadable,,,,,,,,,,,,
Range Chart,13,ok,kendoui,https://www.telerik.com/kendo-angular-ui/components/charts/,downloadable,,,,,,,,,,,,
Range Chart,14,ok,us EIA,https://www.eia.gov/todayinenergy/detail.php?id=51098,downloadable,,,,,,,,,,,,
Range Chart,15,ok,highcharts,https://www.highcharts.com/demo/arearange-line,downloadable,,,,,,,,,,,,
Heatmap,1,ok,ghraphics wsj,http://graphics.wsj.com/infectious-diseases-and-vaccines/,downloadable,,,,,,,,,,,,
Heatmap,2,ok,vega ,https://vega.github.io/vega/examples/heatmap/,downloadable,,,,,,,,,,,,
Heatmap,3,ok,observable,https://observablehq.com/@sjengle/zillow-affordability-heatmap,downloadable,,,,,,,,,,,,
Heatmap,4,ok,observable,https://observablehq.com/@nbremer/hexagon-grid-heatmap,downloadable,,,,,,,,,,,,
Heatmap,5,ok,observable,https://observablehq.com/@lorenries/political-science-rankings-heatmap,downloadable,,,,,,,,,,,,
Heatmap,6,ok,observable,https://observablehq.com/@palewire/california-coronavirus-reopening-heatmap,downloadable,,,,,,,,,,,,
Heatmap,7,ok,observable,https://observablehq.com/@eliaslevy/d3-heatmap,downloadable,,,,,,,,,,,,
Heatmap,8,ok,observable,https://observablehq.com/@marialuisacp/heatmap,downloadable,,,,,,,,,,,,
Heatmap,9,ok,dataillustrator,https://datavizcatalogue.com/methods/heatmap.html,downloadable,,,,,,,,,,,,
Heatmap,10,ok,nivo,https://nivo.rocks/heatmap/,downloadable,,,,,,,,,,,,
Geo Heatmap,1,ok,observable,https://observablehq.com/@parkerziegler/choropleths-four-ways,downloadable,,,,,,,,,,,,
Geo Heatmap,2,ok,observable,https://observablehq.com/@lisilinhart/choropleth-map,downloadable,,,,,,,,,,,,
Geo Heatmap,3,ok,TIBCO,https://www.tibco.com/reference-center/what-is-a-geographical-chart,downloadable,,,,,,,,,,,,
Geo Heatmap,4,ok,Github,https://aeturrell.github.io/coding-for-economists/geo-vis.html,downloadable,,,,,,,,,,,,
Geo Heatmap,5,ok,vegalite,https://vega.github.io/vega-lite/examples/geo_choropleth.html,downloadable,,,,,,,,,,,,
Geo Heatmap,6,ok,vegalite,https://vega.github.io/vega-lite/examples/geo_repeat.html,downloadable,,,,,,,,,,,,
Geo Heatmap,7,ok,observable,https://observablehq.com/@clhenrick/reusable-choropleth-map,downloadable,,,,,,,,,,,,
Geo Heatmap,8,ok,observable,https://observablehq.com/@gcmleon/choropleth-map-animation,downloadable,,,,,,,,,,,,
Geo Heatmap,9,ok,observable,https://observablehq.com/@z-richard/choropleth-map-of-the-covid-19-cases-in-china,,,,,,,,,,,,,
Geo Heatmap,10,ok,observable,https://observablehq.com/@parthmerchant/the-energy-viz-project,,,,,,,,,,,,,
Violin Plot,1,ok,Mascot.js,https://mascot-vis.github.io/gallery.html#ViolinPlot,downloadable,,,,,,,,,,,,
Violin Plot,2,ok,observable,https://observablehq.com/@theodedeken/19-violin-plot,downloadable,small multiple,,,,,,,,,,,
Violin Plot,3,ok,observable,https://observablehq.com/d/b6a48d1bd297c087,downloadable,small multiple,,,,,,,,,,,
Violin Plot,4,ok,Plotly,https://plotly.com/javascript/violin/,downloadable,,,,,,,,,,,,
Violin Plot,5,ok,D3.js,https://d3-graph-gallery.com/graph/violin_basicHist.html,downloadable,small multiple,,,,,,,,,,,
Violin Plot,6,ok,vega ,https://vega.github.io/vega/examples/violin-plot/,downloadable,small multiple,,,,,,,,,,,
Violin Plot,7,ok,observable,https://observablehq.com/d/1771ceff9a6022c3,downloadable,small multiple,,,,,,,,,,,
Violin Plot,8,ok,observable,https://observablehq.com/@jonhelfman/plot-violin-chart-with-facet,downloadable,small multiple,,,,,,,,,,,
Violin Plot,9,ok,observable,https://observablehq.com/@garrettvercoe/split-violin-plot,downloadable,small multiple,,,,,,,,,,,
,11,ok,biochempy,https://biochempy.bb.iastate.edu/help_page/,,,,,,,,,,,,,
Violin Plot,10,ok,observable,https://observablehq.com/@vaibhav-rane/assignment-3,downloadable,,,,,,,,,,,,
Word Cloud,1,ok,observable,https://observablehq.com/@d3/word-cloud,downloadable,,,,,,,,,,,,
Word Cloud,2,ok,observable,https://observablehq.com/@randomfractals/nlp-word-cloud,downloadable,,,,,,,,,,,,
Word Cloud,3,ok,anychart,https://vega.github.io/vega/examples/word-cloud/,,,,,,,,,,,,,
Word Cloud,4,ok,anychart,https://www.anychart.com/products/anychart/gallery/Tag_Cloud/Alice_In_Wonderland.php,downloadable,,,,,,,,,,,,
Word Cloud,5,ok,anychart,https://www.anychart.com/products/anychart/gallery/Tag_Cloud/World_Population.php,downloadable,,,,,,,,,,,,
Word Cloud,6,ok,anychart,https://www.anychart.com/products/anychart/gallery/Tag_Cloud/State_of_the_Union_Address_Most_Used_Words.php,downloadable,small multiple,,,,,,,,,,,
Word Cloud,7,,,,downloadable,,,,,,,,,,,,
,11,ok,D3.js,https://d3-graph-gallery.com/graph/wordcloud_basic.html,downloadable,,,,,,,,,,,,
Word Cloud,8,ok,observable,https://observablehq.com/@soezen/word-cloud,downloadable,,,,,,,,,,,,
Word Cloud,9,ok,observable,https://observablehq.com/@cliffng/word-cloud,downloadable,,,,,,,,,,,,
Word Cloud,10,ok,observable,https://observablehq.com/d/115a62bd2a944ca6,downloadable,,,,,,,,,,,,
Bump Chart,1,ok,Data Illustrator,https://data-illustrator.cs.umd.edu/app/index.html?project=new_car_colors,downloadable,,,,,,,,,,,,
Bump Chart,2,ok,wikimedia,https://commons.wikimedia.org/wiki/File:Canada_Historical_Population_Bump_Chart_no_signature.svg,downloadable,,,,,,,,,,,,
Bump Chart,3,ok,placeless,https://placeless.net/blog/rawgraphs-intro,downloadable,,,,,,,,,,,,
Bump Chart,4,ok,observable,https://observablehq.com/@analyzer2004/bump-chart,downloadable,,,,,,,,,,,,
Bump Chart,5,ok,observable,https://observablehq.com/@fil/bump-chart,downloadable,,,,,,,,,,,,
Bump Chart,6,no style,github,https://nbremer.github.io/babynames/,downloadable,,,,,,,,,,,,
Bump Chart,7,ok,datalyon,https://insights.datylon.com/stories/s6O9Mt4Za_2Per9-911JKQ,downloadable,,,,,,,,,,,,
Bump Chart,8,ok,observable,https://observablehq.com/@imbottlebird/bump-chart,downloadable,,,,,,,,,,,,
Bump Chart,9,ok,nivo,https://nivo.rocks/bump/,downloadable,,,,,,,,,,,,
Bump Chart,10,,,,,,,,,,,,,,,,
TBD,,,observable,https://observablehq.com/@stroked/gantt-calendar,downloadable,,,,,,,,,,,,
TBD,,,,,,,,,,,,,,,,,
Tower Chart,,,Mascot.js,https://mascot-vis.github.io/gallery,downloadable,,,,,,,,,,,,
Composite,1,,Mascot.js,https://mascot-vis.github.io/gallery.html#MultipleBarCharts ,downloadable,small multiples,,,,,,,,,,,
Composite,2,,Blocks,https://gist.github.com/cmgiven/018fd027d443b177e18fffb9afcdb5bd,downloadable,nested layouts,,,,,,,,,,,
Composite,3,,urban.org,https://www.urban.org/features/11-charts-about-social-security-disability-insurance-program,downloadable,nested layouts,,,,,,,,,,,
Composite,4,,anychart,"https://www.anychart.com/products/anystock/gallery/Stock_Chart_Types/Range_Area,_Range_Step_Area.php",downloadable,"multiple views, superimposed",,,,,,,,,,,
Composite,5,,zingchart,https://www.zingchart.com/gallery/mixed-line-chart-with-range,downloadable,superimposed,,,,,,,,,,,
,,,zingchart,https://www.zingchart.com/gallery/range-chart-ocean-temperature,downloadable,,,,,,,,,,,,
,,,zingchart,https://www.zingchart.com/gallery/range-area-chart-with-crosshair,downloadable,,,,,,,,,,,,