Filename,Description,Tags,Dataset,Visual Elements,Tasks,Relevant Topics,sourceLink,comments
img-001.jpeg,"Yearly surface temperature compared to the 20th-century average from 1880–2021. Blue bars indicate cooler-than-average years; red bars show warmer-than-average years. NOAA Climate.gov graph, based on data from the National Centers for Environmental Information.","climate, bar, time series, two variables","time series, two variables",bar,comparison,climate,"https://www.climate.gov/news-features/understanding-climate/climate-change-global-temperature#:~:text=June%2028%2C%202022-,Highlights,based%20on%20NOAA's%20temperature%20data",
img-002.png,"GLOBAL LAND-OCEAN TEMPERATURE INDEX
Data source: NASA's Goddard Institute for Space Studies (GISS). Credit: NASA/GISS","climate, line, point, time series, two variables, NASA, temperature, land","time series, two variables","line, point",comparison,"NASA, temperature, land, climate",https://climate.nasa.gov/vital-signs/global-temperature/,
img-003.jpeg,"Much To Lose for U.S. Farmers
If a trade war breaks out, American farmers are likely to pay a hefty price. In recent months the Trump administration has announced plans to impose tariffs on steel and aluminum from Canada, Mexico, and the EU, and on $50 billion or more in products from China. The four major trading partners—who purchased a combined $74.5 billion in U.S. agricultural goods in 2017—have vowed retaliatory tariffs of their own, including on U.S. ag exports. That could add to farmers’ woes: Thanks largely to lower grain prices, U.S. net farm income has plunged by over 50% since 2013.","agriculture, exports, geographic, sankey, relationship, categories, two variables","categories, two variables",sankey,relationship,"agriculture, exports, geographic",https://www.pinterest.com/pin/277534395771466951/,
img-004.png,"Annual change in forest  2015
Net change in forest area measures forest expansion (either through afforestation or natural expansion) minus
deforestation.","climate, categories, two variables, geographic map, geographical, ","categories, two variables","geographic map, ",,"climate, geographic",https://ourworldindata.org/afforestation,
img-005.png,"The Range Bar chart is a bar chart that displays bars for each dimension (category), ranging between a start value and an end value. For example, Range Bar charts can be used to represent the beginning and end of operations/tasks along a time axis, similar to a Gantt chart, for tracking project schedule","bar, time series, categories, three or more variables, composition, comparison","time series, categories, three or more variables","bar, ","composition, comparison",,"schedule and routine, point ,  ",
img-006.jpeg,Size of diamond carats vs price.,"point,  three or more variables, distribution, relationship",three or more variables,"point, ","distribution, relationship",,https://www.timothydeitz.com/post/scatterplots/,
img-007.jpg,"Lollipop chart with 15 best (with lowest p-value) Gene Ontology (GO) terms for every GO aspect (Biological Process-BP, Cellular Component-CC, Molecular Function-MF), sorted due to descending negative logarithmic adjusted p-value of enrichment analysis. Numbers in circles represent the number of differentially expressed genes matched to a specific term.","line, point, ontology, categories, three or more variables, comparison",three or more variables,"line, point",comparison,ontotlogy,https://www.researchgate.net/figure/Lollipop-chart-with-15-best-with-lowest-p-value-Gene-Ontology-GO-terms-for-every-GO_fig5_342191750,
img-008.png,Share of vegetable oil land use and production by crop,"bar, annotation, diverging, categories, two variables, comparison, agriculture, land","categories, two variables","bar, annotation, diverging",comparison,"agriculture, land",https://ourworldindata.org/palm-oil,
img-009.jpg,The GISTEMP climate spiral 1880-2021. This version is in The GISTEMP climate spiral 1880-2021.,"climate, spiral, bespoke, time series, two variables, NASA, trend","time series, two variables","spiral, bespoke",trend,"climate, NASA",https://svs.gsfc.nasa.gov/4975,
img-010.png,Global forest loss: deforestation vs forest degradation,"bar, annotation, stacked,  categories, three or more variables, land, comparison","categories, three or more variables","bar, annotation, stacked, ",comparison,land,https://ourworldindata.org/deforestation,
img-011.jpg,"Disparities in food insecurity by income Population experiencing moderate or severe food insecurity (%), by income group","point, line,  annotation, categories, three or more variables, comparison, economy","categories, three or more variables","point, line,  annotation",comparison,economy,https://datatopics.worldbank.org/sdgatlas/goal-2-zero-hunger/,
img-012.png,Visualizing mean temperatures in Pittsburg in the year 2016,"time series, two variables, temperature,  density plot,  distribution","time series, continuous"," density, ",distribution,"climate, temperature",https://towardsdatascience.com/pgh-weather-data-plot-and-code-19d8e8b670f,
img-013.png,"Today’s infographic from Alberto Lucas Lopez condenses the 7,102 known living languages today into a stunning visualization, with individual colors representing each world region.Only 23 languages are spoken by at least 50 million native speakers. What’s more, over half the planet speaks at least one of these 23 languages.","language, geographic, Hierarchies, categories, two variables, bubble ,  nominal, composition","Hierarchies, categories, two variables","bubble, ",composition,"culture, geographic",https://www.visualcapitalist.com/a-world-of-languages/,
img-014.png,"In this graphic, we visualize the year’s biggest tech deals above $1 billion using data from Computerworld, which tracked the year’s biggest acquisitions.","bubble, annotation, time series, categories, three or more variables, comparison, economy, bespoke","time series, categories, three or more variables","bubble, line, bespoke, annotation",comparison,economy,https://markets.businessinsider.com/news/stocks/visualizing-biggest-tech-mergers-and-acquisitions-of-2020-1029912010,
img-015.png,"Discover how some of the world’s most original artists, writers and musicians structured their day, based on ‘Daily Rituals’ by Mason Currey."," time series, bar, comparison, categories, three or more variables","time series, categories, three or more variables", bar,comparison,,https://podio.com/site/creative-routines,
img-016.jpg,"Quantum Journal created this data visualization to show what types of particles light and dark matter might be made of. Axions, weakly interacting massive particles, ultralight dark matter or primordial black holes -- these could all be stellar candidates. In addition to distributing each particle type on a scale according to its mass, the figure provides a clear, concise description of each type of particle."," science, two variables, composition, annotation",two variables,  annotation,composition,science,https://www.wired.com/story/the-search-for-dark-matter-is-dramatically-expanding/,
img-017.png,"The United States Department of Agriculture keeps track of food availability for over 200 items, which can be used to estimate food consumption at the national level. They have data for 1970 through 2019, so we can for example, see how much beef Americans consume per year on average and how that has changed over four decades."," food, time series, categories, three or more variables, annotation, composition","time series, categories, three or more variables",  annotation,"composition, trend",food,https://flowingdata.com/2021/06/08/seeing-how-much-we-ate-over-the-years/,
img-018.jpg,"73 teams tested the same hypotheses with the same data. Some found negative results, some positive, some nada. No effect of expertise or confirmation bias. ""Idiosyncratic researcher variability is a threat to the reliability of scientific findings.","line, annotation, science, categories, three or more variables,  relationship, distribution, bar","categories, three or more variables","line,  annotation, bar","relationship, distribution",science,https://osf.io/preprints/metaarxiv/cd5j9/,
img-019.png,"Between 1965 and 2016, an American's Beef, Pork and Chicken consumption has increased by 30%. This has primiarily been driven by a 150% increase in chicken consumption during this time, whilst beef has seen a 25% decrease.","food, line, time series, annotation, trend, comparison, categories, three or more variables","time series, categories, three or more variables"," line, annotation","trend, comparison",food,https://www.storytellingwithdata.com/blog/2018/1/22/88-annotated-line-graphs,
img-020.jpeg,A historical view of wealth ownership in the US.,"trend, comparison, annotation, economy, line, time series, categories, three or more variables","time series, categories, three or more variables"," line, annotation ","trend, comparison",economy,http://speakingppt.com/10-rules-for-graph-annotations/,
img-021.gif,The visualization shows the Human Rights Protection index (from 1950 to 2014) and the Human Rights Violations index (in 2014) for 50 countries. The selected countries are the top 25 ones and the bottom 25 ones for human rights violation. The countries are sorted along the horizontal axis by GDP per capita and along the vertical axis by population.,"categories, three or more variables, point, bespoke, glyph, economy, human rights","categories, three or more variables,"," glyph, bespoke",comparison,"economy, Human rights",https://www.behance.net/gallery/76461997/The-Geography-of-Human-Rights,
img-022.jpeg,Reported covid cases across US states,"bar, density, categories, distribution",categories,"bar, density, line",distribution,COVID,http://www.thefunctionalart.com/2020/05/the-problem-with-unlabeled-scales.html,
img-023.jpeg,The visualization consists of a dynamic beeswarm plot in which each bubble represents a query reaching the top searches in a U.S. state (states may appear more than once in the plot.),"bubble, covid, time series, three or more variables, trend","time series, three or more variables",bubble,trend,COVID,http://www.thefunctionalart.com/2020/04/latest-project-search-waves-during.html,
img-024.jpg,"The Markup gathered and analyzed more than 800,000 internet service offers from AT&T, Verizon, Earthlink, and CenturyLink in 38 cities across America and found that all four routinely offered fast base speeds at or above 200 Mbps in some neighborhoods for the same price as connections below 25 Mbps in others.","geographic map,  ordinal, nominal, annotation, relationship","ordinal, nominal"," annotation, geographic map","distribution, relationship",Human rights,https://flowingdata.com/2022/10/20/slow-internet-for-the-same-price-as-fast-internet/,
img-025.png," Based on data from the American Time Use Survey, this chart shows the percentage of people doing activities on a non-holiday weekday.","distribution, density, annotation, categories, two variables","categories, two variables","density,  annotation",distribution,,https://flowingdata.com/2021/08/19/daily-routine-2020/,
img-026.png,"The data on bill dimension of brush-tailed penguins were collected from 2007 - 2009 by Dr. Kristen Gorman with the Palmer Station Longer Term Ecological Research Program, part of the US Long Term Ecological Research Network. The so-called palmerpenguins data set contains size measurements, clutch observations, and blood isotope ratios for three penguin species of the genus Pygoscelis, the brush-tailed penguins, observed on three islands in the Palmer Archipelago, Antarctica over a study period of three years.","point, density, correlation, error bar, science, distribution, comparison, categories, two variables, time series","categories, two variables, timeseries","point, density,  error bar","distribution, correlation, comparision",science,https://www.behance.net/gallery/101517403/Bill-Dimensions-of-Penguins,
img-027.png,US cities give thousands of homeless people one-way bus tickets out of town. This distribution chart demonstrates how the homeless are often relocated to areas with lower median incomes.,"sankey, economy, categories, three or more variables","categories, three or more variables",sankey,composition,economy,https://www.behance.net/gallery/75551735/Bussed-Out-How-America-moves-its-homeless,
img-028.png,"This visualizaiton shows how do Americans spend their time. It is an animated visualization. We just provided a screenshot of the animation. s based on data from the American Time Use Survey, and it conveys in time-elapse fashion what people are generally doing at different times of the day.","relationship, point, categories, two variables","categories, two variables","point, ",relationship ,,https://flowingdata.com/2015/12/15/a-day-in-the-life-of-americans/,
img-029.png,This visualization of 200 years of immigration to the United States shows how the proportion of immigrants from different parts of the world has changed through the years.,"stream, country, time series,  categories, three or more varibales","time series, categories, three or more variables", stream,"composition, trend",,https://insightfulinteraction.com/immigration200years.html,
img-030.png,"We plotted the number of nights spent per month in each park. We separated four categories of accommodation: lodging, RV, tent, and backcountry. Each accommodation type comes with their own characteristics which determine their popularity over time.","spiral,  annotation, categories, two variables,  comparison","categories, two variables"," spiral, ",comparison,,https://jordan-vincent.com/night-under-the-stars/,
img-031.png,This visualization shows the number of lines of code are included in different codebases,"bar, categories, three or more variables, comparison","categories, three or more variables,","bar, ",comparison,,https://www.informationisbeautiful.net/visualizations/million-lines-of-code/,
img-033.png,This data visualization illustrates data compiled from over 1000 major Hollywood films of the last eight years. This resource can be used to see and compare things such as worldwide gross budget vs. budget and actual budget recovered.,"bubble,  time series, security, categories, three or more variables","time series, categories, three or more variables","bubble, ","relationship, distribution",security,https://www.informationisbeautiful.net/visualizations/worlds-biggest-data-breaches-hacks/,
img-034.png,"This data visualization from the Washington Post shows how much of your life the U.S. has been at war, and which wars the U.S. has been fighting during your lifetime. The dark blue represents percent spent in war, the light blue represents percent spent in peace, the dark red represents time spent in war, and the light red represents time spent in peace.","bar, stacked, composition,  population, time series, categories, three or more variables","time series, categories, three or more variables","bar, stacked, ",composition,population,https://www.washingtonpost.com/news/the-fix/wp/2015/05/18/heres-how-much-of-your-life-the-united-states-has-been-at-war/,
img-035.png,"This resource paints and interesting picture about the behaviors and attitudes of people before, during, and after the holidays. The example highlighted below is showing daily volumes of searched for the word “diet” throughout the year. As you can see, there is a significant drop in the weeks and months leading up to the holiday season, followed by an almost immediate spike once New Year hits. It’s an interesting trend that might not have been as compelling without the visualization that was created.","bar, categories, health,three or more variables, time series, comparison","time series, categories, three or more variables","bar, ",comparison,health,https://www.maptive.com/8-great-examples-complex-data-visualized/,
img-036.png,This map below is an example of how you can use heat mapping and color to illustrate trends and contrast. It’s an enjoyable map that you can use to determine when peak fall foliage occurs around the country.,"geographic map,  categories, three or more varibales,climate, time series, composition, climate","time series, categories, three or more variables","geographic map, ",composition,climate,https://smokymountains.com/fall-foliage-map/,
img-037.png,"In this example, the chart shows the wind speed distribution. This is achieved with a polar stacked column chart.","composition, comparison, climate, bar,  categories, three or more variables","categories, three or more variables", bar,"composition, comparison",climate,https://www.tutlane.com/tutorial/highcharts/highcharts-wind-rose-chart,
img-038.png,"This force directed graph shows an example of a network graph, where the nodes represent languages and the language families they belong to. The nodes can be dragged around and will be repositioned dynamically. Network graphs are typically used to show relations in data. In this case, we are showing a hierarchical structure.","graph, relationship, categories, three or more variables ","categories, three or more variables"," point, graph",relationship,culture,https://www.highcharts.com/demo/network-graph,
img-039.png,Demonstrating an arearange chart with a low and high value per point. Area range charts are commonly used to visualize a range that changes over time.,"line, time series, climate, two variables, trend","time series, two variables",line,trend,climate,https://www.highcharts.com/demo/sparkline,
img-040.png,"A basic column chart comparing emissions by pollutant. Oil and gas extraction has the overall highest amount of emissions, followed by manufacturing industries and mining. The chart is making use of the axis crosshair feature, to highlight years as they are hovered over.","climate, bar,  time series, three or more variables","time series, three or more variables","bar, ",comparison,climate,https://www.highcharts.com/demo/column-basic,
img-041.png,"In particular, richer and poorer countries set very different poverty lines in order to measure poverty in a way that is informative and relevant to the level of incomes of their citizens. To measure poverty globally, however, we need to apply a poverty line that is consistent across countries. This is the goal of the International Poverty Line of $2.15 per day – shown in red in the chart – which is set by the World Bank and used by the UN to monitor extreme poverty around the world.","distribution, density, annotation, categories, three or more variables, comparison, economy","time series, three or more variables","density,  annotation","distribution, comparison",economy,https://ourworldindata.org/poverty,
img-042.jpg,A dearth of tent-pole movies to attract audiences to the big screen means box office takings are further off pre-pandemic levels than originally hoped.,"bar, comparison, annotation, time series, categories, three or more variables","time series, categories, three or more variables","bar, ",comparison,entertainment,https://www.ft.com/content/ec2d54cf-8612-41d4-9ae2-1fbf9f06dd0b,
img-043.jpeg,Estimated single-use costs for appliances from October under the UK’s Energy Price Guarantee,"bubble, relationship, annotation, energy, categories, two variables, comparison","categories, two variables","bubble, annotation","relationship, comparison",energy,https://www.bloomberg.com/news/articles/2022-09-02/price-breakdown-how-much-will-it-cost-to-run-appliances-in-uk-energy-crisis,
img-044.png,Percentage of world wide natural gas production by country,"composition, categories, two variables,   energy","categories, two variables", ,composition,energy,https://informationisbeautiful.net/visualizations/ukraine-russian-war-infographics-data-visuals/#RussianGas,
img-045.png,Estimated percentage of Russian gas exports by importing country,"sankey, categories, two variables,  energy, composition","categories, two variables",sankey,composition,energy,https://informationisbeautiful.net/visualizations/ukraine-russian-war-infographics-data-visuals/#RussianGas,
img-046.png,Visualization highlighting the share of natural gas consumption that is dependent on Russian gas explorts ,"bubble, categories, three or more variables, comparison, relationship,  energy","categories, three or more variables","bubble, ","relationship, comparision",energy,https://informationisbeautiful.net/visualizations/ukraine-russian-war-infographics-data-visuals/#RussianGas,
img-047.png,This visualization shows the College Football Playoff weekly rankings of each team for the last four years.,"line, relationship, comparision, time series, two variables, entertainment","time series, two variables",line,"relationship, comparison",entertainment,https://www.sirvizalot.com/2019/01/path-to-playoff-clemson-and-alabama.html,
img-048.gif,"In this example, we are looking at NFL Combine statistics for Wide Receivers.","point, correlation, comparision, categories, two variables, interactive","categories, two variables","point, ","correlation, comparision",entertainment,https://www.sirvizalot.com/2017/05/how-to-dynamic-clusters-in-tableau.html,
img-049.png,"Some reviews say the movie is great while others don't offer as much praise. I took a look at the critic and audience ratings on Rotten Tomatoes, and there is definitely a large variance between the ratings of critics and the audience for the latest film.","line, comparison, annotation, entertainment, two variables, categories","two variables, categories","line,  annotation ",comparison,entertainment,https://public.tableau.com/app/profile/matt.chambers/viz/StarWarsDivisiveness/StarWarsDivisiveness,
img-050.png,"In this visualization, each city's sports league is represented by a petal; the size of the petal indicates number of championships.","entertainment, bespoke, categories, two variables, glyph, comparison","categories, two variables","bespoke, glyph",comparison,entertainment,https://www.sirvizalot.com/2018/10/sports-city.html,
img-051.png,"A visualization to identify the airports and flights that are more affected by precipitation based on the Weather Delay Minutes per Inch of Precipitation (WDMIP), and it is simply the average weather delay divided by the average precipitation in inches. ","relationship, categorical, three or more variables, time series, bar, line,  climate, airplanes, geographic map","categorical, three or more variables, time series","bar, line,  geographic map",relationship,climate,https://www.sirvizalot.com/2015/06/iron-viz-entry-blame-weather.html,
ArcDiagram1.png,"Arc Diagram 1","arc, climate","time series, two variables","arc","comparison","climate","https://en.wikipedia.org/wiki/Arc_diagram",
ArcDiagram2.png,"Arc Diagram 2","arc","","arc","","","https://www.highcharts.com/docs/chart-and-series-types/arc-diagram",
ArcDiagram3.png,"Arc Diagram 3","arc","","arc","","",https://www.highcharts.com/docs/chart-and-series-types/arc-diagram,
ArcDiagram4.png,"Arc Diagram 4","arc","","arc","","",https://www.highcharts.com/docs/chart-and-series-types/arc-diagram,
ArcDiagram5.png,"Arc Diagram 5","arc","","arc","","",https://sandeshkalantre.github.io/TopNum2/,
ArcDiagram6.png,"Arc Diagram 6","arc","","arc","","",https://abjago.net/transit-patronage-visualiser/,
ArcDiagram7.png,"Arc Diagram 7","arc","","arc","","",https://ganbatte.world/cities/what-is-the-circular-economy/,
ArcDiagram8.png,"Arc Diagram 8","arc","","arc","","",https://www.data-to-viz.com/graph/arc.html,
ArcDiagram9.png,"Arc Diagram 9","arc","","arc","","",https://observablehq.com/@stefanreifenberg/basic-arc-diagram,
ArcDiagram10.png,"Arc Diagram 10","arc","",arc,"","",https://observablehq.com/@lvngd/nyc-taxi-rides-d3-arc-diagram,
BarChart1.png,Bar Chart 1,bar,,bar,,,https://playground.anychart.com/docs/v8/samples/BCT_Bar_Chart_03,
BarChart2.png,Bar Chart 2,bar,,bar,,,https://apexcharts.com/javascript-chart-demos/bar-charts/,
BarChart3.png,Bar Chart 3,bar,,bar,,,https://vega.github.io/vega-lite/examples/bar.html,
BarChart4.png,Bar Chart 4,bar,,bar,,,https://observablehq.com/@d3/bar-chart,
BarChart5.png,Bar Chart 5,bar,,bar,,,https://observablehq.com/@d3/diverging-bar-chart,
BarChart6.png,Bar Chart 6,bar,,bar,,,https://insights.datylon.com/stories/nIWdVHXAxLrae7nECdRFFQ,
BarChart13.png,Bar Chart 13,bar,,bar,,,https://observablehq.com/@observablehq/plot-bar,
BarChart8.png,Bar Chart 8,bar,,bar,,,https://observablehq.com/@d3/hierarchical-bar-chart,
BarChart9.png,Bar Chart 9,bar,,bar,,,https://doc.sagemath.org/html/en/reference/plotting/sage/plot/bar_chart.html,
BarChart10.png,Bar Chart 10,bar,,bar,,,https://bl.ocks.org/tlfrd/187e45e0629711c4560cf6bcd0767b27,
BarChart11.png,Bar Chart 11,bar,,bar,,,https://www.diagrammm.com/bar_chart,
BarChart12.png,Bar Chart 12,bar,,bar,,,https://xari.dev/horizontal-bar-plot/,
LineGraph1.png,Line Graph 1,line,,line,,,https://bl.ocks.org/mbostock/3883245,
LineGraph2.png,Line Graph 2,line,,line,,,https://www.datawrapper.de/_/hBToO/,
LineGraph3.png,Line Graph 3,line,,line,,,https://www.datawrapper.de/_/SD6eX/,
LineGraph4.png,Line Graph 4,line,,line,,,https://www.datawrapper.de/_/Wa2Ci/,
LineGraph5.png,Line Graph 5,line,,line,,,https://insights.datylon.com/stories/utSCFQQ8mh-RzpGVG4pKSQ,
LineGraph6.png,Line Graph 6,line,,line,,,https://public.flourish.studio/story/959/,
LineGraph7.png,Line Graph 7,line,,line,,,https://plotly.com/javascript/line-charts/,
LineGraph8.png,Line Graph 8,line,,line,,,https://www.quadrigram.com/hosting/yacintha_aakster/fertility_vs_gdp/#p/Page1,
LineGraph9.png,Line Graph 9,line,,line,,,https://vega.github.io/vega/examples/line-chart/,
LineGraph10.png,Line Graph 10,line,,line,,,https://mascot-vis.github.io/gallery.html#MultiLineGraph2,
LineGraph11.png,Line Graph 11,line,,line,,,https://www.tibco.com/reference-center/what-is-a-line-chart,
LineGraph12.png,Line Graph 12,line,,line,,,https://apexcharts.com/docs/chart-types/line-chart/,
LineGraph13.png,Line Graph 13,line,,line,,,https://apexcharts.com/javascript-chart-demos/line-charts/basic/,
LineGraph14.png,Line Graph 14,line,,line,,,https://community.visualdatatools.com/datagraph/knowledge-base/line-graph/,
LineGraph15.png,Line Graph 15,line,,line,,,https://diagrammm.com/basic_line,
LineGraph16.png,Line Graph 16,line,,line,,,https://diagrammm.com/basic_line,
LineGraph17.png,Line Graph 17,line,,line,,,https://www.dataquest.io/blog/data-visualization-in-r-with-ggplot2-a-beginner-tutorial/,
LineGraph18.png,Line Graph 18,line,,line,,,https://www.highcharts.com/demo/line-basic,
LineGraph19.png,Line Graph 19,line,,line,,,https://www.highcharts.com/demo/line-ajax,
DotPlot1.png,Dot Plot 1,dot,,dot,,,https://plotly.com/python/dot-plots/,
DotPlot2.png,Dot Plot 2,dot,,dot,,,https://public.flourish.studio/visualisation/114249/,
DotPlot3.png,Dot Plot 3,dot,,dot,,,https://plotly.com/python/dot-plots/,
DotPlot4.png,Dot Plot 4,dot,,dot,,,https://jscharting.com/examples/chart-types/point-marker/csv-data/,
DotPlot5.png,Dot Plot 5,dot,,dot,,,https://mathspace.co/textbooks/syllabuses/Syllabus-862/topics/Topic-19221/subtopics/Subtopic-258372/,
DotPlot6.png,Dot Plot 6,dot,,dot,,,https://www.khanacademy.org/math/cc-third-grade-math/represent-and-interpret-data/imp-line-plots/a/line-plots-review,
DotPlot7.png,Dot Plot 7,dot,,dot,,,https://observablehq.com/@d3/dot-strip-plot,
DotPlot8.png,Dot Plot 8,dot,,dot,,,https://www.khanacademy.org/math/cc-third-grade-math/represent-and-interpret-data/imp-line-plots/a/line-plots-review,
DotPlot9.png,Dot Plot 9,dot,,dot,,,https://jscharting.com/examples/chart-types/point-marker/,
DotPlot10.png,Dot Plot 10,dot,,dot,,,https://mathworld.wolfram.com/DotPlot.html,
DotPlot11.png,Dot Plot 11,dot,,dot,,,https://quantamental.amadeus.ch/post/the-feds-new-dot-plot-in-python,
DotPlot12.png,Dot Plot 12,dot,,dot,,,https://www.hcbravo.org/IntroDataSci/bookdown-notes/basic-plotting-with-ggplot.html,
DotPlot13.png,Dot Plot 13,dot,,dot,,,https://visithungary.com/weather-around-the-year,
DotPlot14.png,Dot Plot 14,dot,,dot,,,http://pklab.med.harvard.edu/peterk/conos/scripts/cluster/scripts/seurat3/ggplot2/tests/figs/geom-dotplot/basic-dotplot-with-dot-density-binning-binwidth-4.svg,
MarimekkoChart1.png,Marimekko Chart 1,marimekko,,marimekko,,,http://jsfiddle.net/fusioncharts/bdmTg/?utm_source=visualisingdata&utm_medium=website,
MarimekkoChart2.png,Marimekko Chart 2,marimekko,,marimekko,,,https://plotdb.com/chart/1118/,
MarimekkoChart3.png,Marimekko Chart 3,marimekko,,marimekko,,,https://docs.anychart.com/Basic_Charts/Marimekko_Chart/Mekko_Chart,
MarimekkoChart4.png,Marimekko Chart 4,marimekko,,marimekko,,,https://www.fusioncharts.com/resources/chart-primers/marimekko-chart,
MarimekkoChart5.png,Marimekko Chart 5,marimekko,,marimekko,,,https://www.fusioncharts.com/charts/marimekko-charts/market-share-as-percent?framework=javascript,
MarimekkoChart6.png,Marimekko Chart 6,marimekko,,marimekko,,,https://jscharting.com/examples/chart-types/variwide/marimekko/,
MarimekkoChart7.png,Marimekko Chart 7,marimekko,,marimekko,,,https://vega.github.io/vega-lite/examples/rect_mosaic_labelled_with_offset.html,
MarimekkoChart8.png,Marimekko Chart 8,marimekko,,marimekko,,,https://plotdb.com/chart/1118/#,
MarimekkoChart9.png,Marimekko Chart 9,marimekko,,marimekko,,,https://bl.ocks.org/mbostock/1005090,
MarimekkoChart10.png,Marimekko Chart 10,marimekko,,marimekko,,,https://www.mekkographics.com/why-use-a-marimekko-chart/,
GanttChart1.png,Gantt Chart 1,gantt,,gantt,,,https://www.edrawsoft.com/edraw-project/,
GanttChart2.png,Gantt Chart 2,gantt,,gantt,,,https://jscharting.com/examples/chart-types/gantt/axis-details/,
GanttChart3.png,Gantt Chart 3,gantt,,gantt,,,https://plotly.com/r/gantt/,
GanttChart4.png,Gantt Chart 4,gantt,,gantt,,,http://bl.ocks.org/dk8996/5449641,
GanttChart5.png,Gantt Chart 5,gantt,,gantt,,,http://jsfiddle.net/fusioncharts/fLqSL/?utm_source=visualisingdata&utm_medium=website,
GanttChart6.png,Gantt Chart 6,gantt,,gantt,,,https://www.highcharts.com/demo/gantt/interactive-gantt,
GanttChart7.png,Gantt Chart 7,gantt,,gantt,,,https://www.officetimeline.com/gantt-chart/templates/gantt,
GanttChart8.png,Gantt Chart 8,gantt,,gantt,,,https://doc.cuba-platform.com/charts-6.4/gantt_chart.html,
GanttChart9.png,Gantt Chart 9,gantt,,gantt,,,https://en.wikipedia.org/wiki/Gantt_chart,
GanttChart10.png,Gantt Chart 10,gantt,,gantt,,,https://www.tibco.com/reference-center/what-is-a-gantt-chart,
GroupedBarChart1.png,Grouped Bar Chart 1,grouped,,grouped,,,https://mascot-vis.github.io/gallery.html#BarChartVert,
GroupedBarChart2.png,Grouped Bar Chart 2,grouped,,grouped,,,https://mascot-vis.github.io/gallery.html#BarChartHorz,
GroupedBarChart3.png,Grouped Bar Chart 3,grouped,,grouped,,,https://vega.github.io/vega/examples/grouped-bar-chart/,
GroupedBarChart4.png,Grouped Bar Chart 4,grouped,,grouped,,,https://plotly.com/javascript/bar-charts/#stacked-bar-chart,
GroupedBarChart5.png,Grouped Bar Chart 5,grouped,,grouped,,,https://commons.wikimedia.org/wiki/File:Charts_SVG_Example_6_-_Grouped_Bar_Chart.svg,
GroupedBarChart6.png,Grouped Bar Chart 6,grouped,,grouped,,,https://apexcharts.com/react-chart-demos/bar-charts/grouped/,
GroupedBarChart7.png,Grouped Bar Chart 7,grouped,,grouped,,,https://d3-graph-gallery.com/graph/barplot_grouped_basicWide.html,
GroupedBarChart8.png,Grouped Bar Chart 8,grouped,,grouped,,,https://developers.google.com/chart/interactive/docs/gallery/barchart#creating-material-bar-charts,
GroupedBarChart9.png,Grouped Bar Chart 9,grouped,,grouped,,,https://www.highcharts.com/demo/bar-basic,
GroupedBarChart10.png,Grouped Bar Chart 10,grouped,,grouped,,,https://nvd3.org/examples/multiBar.html,
PieChart1.png,Pie Chart 1,pie,,pie,,,https://www.datylon.com/product/chart-library/pie-chart,
PieChart2.png,Pie Chart 2,pie,,pie,,,https://vega.github.io/editor/#/examples/vega-lite/arc_pie,
PieChart12.png,Pie Chart 12,pie,,pie,,,https://observablehq.com/@jasper/pie-chart-starter,
PieChart4.png,Pie Chart 4,pie,,pie,,,https://mascot-vis.github.io/gallery.html#PieChart,
PieChart13.png,Pie Chart 13,pie,,pie,,,https://observablehq.com/@rayelder/breakpoint-pie-chart,
PieChart5.png,Pie Chart 5,pie,,pie,,,https://insights.datylon.com/stories/s4b8jB8WtRRDNbwylQxJTw,
PieChart6.png,Pie Chart 6,pie,,pie,,,https://vega.github.io/vega-lite/examples/layer_arc_label.html,
PieChart11.png,Pie Chart 11,pie,,pie,,,https://observablehq.com/d/f1afba96577cc72f,
PieChart8.png,Pie Chart 8,pie,,pie,,,https://dash.gallery/dashr-svm/,
PieChart9.png,Pie Chart 9,pie,,pie,,,https://apexcharts.com/javascript-chart-demos/pie-charts/monochrome-pie/,
PieChart10.png,Pie Chart 10,pie,,pie,,,https://apexcharts.com/javascript-chart-demos/pie-charts/simple-pie-chart/,
StackedBarChart1.png,Stacked Bar Chart 1,stacked,,stacked,,,https://observablehq.com/@d3/stacked-horizontal-bar-chart,
StackedBarChart2.png,Stacked Bar Chart 2,stacked,,stacked,,,https://observablehq.com/@d3/stacked-normalized-horizontal-bar,
StackedBarChart12.png,Stacked Bar Chart 12,stacked,,stacked,,,https://apexcharts.com/javascript-chart-demos/bar-charts/stacked/,
StackedBarChart3.png,Stacked Bar Chart 3,stacked,,stacked,,,https://apexcharts.com/javascript-chart-demos/bar-charts/patterned/,
StackedBarChart13.png,Stacked Bar Chart 13,stacked,,stacked,,,https://apexcharts.com/javascript-chart-demos/column-charts/stacked/,
StackedBarChart4.png,Stacked Bar Chart 4,stacked,,stacked,,,https://vega.github.io/vega-lite/examples/stacked_bar_count_corner_radius_mark.html,
StackedBarChart5.png,Stacked Bar Chart 5,stacked,,stacked,,,https://vega.github.io/vega-lite/examples/stacked_bar_normalize.html,
StackedBarChart6.png,Stacked Bar Chart 6,stacked,,stacked,,,https://vega.github.io/vega-lite/examples/stacked_bar_h.html,
StackedBarChart7.png,Stacked Bar Chart 7,stacked,,stacked,,,https://vega.github.io/vega-lite/examples/stacked_bar_weather.html,
StackedBarChart8.png,Stacked Bar Chart 8,stacked,,stacked,,,https://vega.github.io/vega-lite/examples/stacked_bar_h_normalized_labeled.html,
StackedBarChart9.png,Stacked Bar Chart 9,stacked,,stacked,,,https://mascot-vis.github.io/gallery.html#StackedBarChart,
StackedBarChart10.png,Stacked Bar Chart 10,stacked,,stacked,,,https://observablehq.com/@d3/stacked-bar-chart,
WaterfallChart1.png,Waterfall Chart 1,waterfall,,waterfall,,,https://mascot-vis.github.io/gallery.html#WaterfallChart,
WaterfallChart2.png,Waterfall Chart 2,waterfall,,waterfall,,,https://www.telerik.com/kendo-angular-ui/components/charts/examples/svg/waterfall.svg,
WaterfallChart3.png,Waterfall Chart 3,waterfall,,waterfall,,,https://docs.anychart.com/Basic_Charts/Waterfall_Chart,
WaterfallChart4.png,Waterfall Chart 4,waterfall,,waterfall,,,https://docs.anychart.com/Basic_Charts/Waterfall_Chart,
WaterfallChart5.png,Waterfall Chart 5,waterfall,,waterfall,,,https://docs.anychart.com/Basic_Charts/Waterfall_Chart,
WaterfallChart6.png,Waterfall Chart 6,waterfall,,waterfall,,,https://docs.anychart.com/Basic_Charts/Waterfall_Chart,
WaterfallChart7.png,Waterfall Chart 7,waterfall,,waterfall,,,fusioncharts.com/charts/waterfall-charts/waterfall-chart-without-cumulative-sum?framework=javascript,
WaterfallChart8.png,Waterfall Chart 8,waterfall,,waterfall,,,https://commons.wikimedia.org/wiki/File:Diagramme_waterfall.svg,
WaterfallChart9.png,Waterfall Chart 9,waterfall,,waterfall,,,https://dash.gallery/dash-shap-tips/,
WaterfallChart11.png,Waterfall Chart 11,waterfall,,waterfall,,,https://www.tibco.com/reference-center/what-is-a-waterfall-chart,
WaterfallChart10.png,Waterfall Chart 10,waterfall,,waterfall,,,https://vega.github.io/vega-lite/examples/waterfall_chart.html,
Scatterplot2.png,Scatterplot 2,scatterplot,,scatterplot,,,https://www.tibco.com/reference-center/what-is-a-scatter-chart,
Scatterplot3.png,Scatterplot 3,scatterplot,,scatterplot,,,https://insights.datylon.com/stories/oDHVikVxaCaCGWRFGMdPgA,
Scatterplot4.png,Scatterplot 4,scatterplot,,scatterplot,,,https://www.mathsisfun.com/data/scatter-xy-plots.html,
Scatterplot6.png,Scatterplot 6,scatterplot,,scatterplot,,,https://bookdown.org/a_shaker/STM1001_Topic_2/5-1-scatter-plots.html,
Scatterplot7.png,Scatterplot 7,scatterplot,,scatterplot,,,https://mascot-vis.github.io/gallery.html#Scatterplot,
Scatterplot8.png,Scatterplot 8,scatterplot,,scatterplot,,,https://apexcharts.com/javascript-chart-demos/scatter-charts/,
Scatterplot9.png,Scatterplot 9,scatterplot,,scatterplot,,,https://apexcharts.com/javascript-chart-demos/scatter-charts/datetime/,
Scatterplot10.png,Scatterplot 10,scatterplot,,scatterplot,,,https://dash.gallery/bball-player-explorer/,
Scatterplot11.png,Scatterplot 11,scatterplot,,scatterplot,,,https://vega.github.io/vega-lite/examples/interactive_splom.html,
Scatterplot12.png,Scatterplot 12,scatterplot,,scatterplot,,,https://observablehq.com/@d3/brushable-scatterplot-matrix,
ConnectedScatterplot1.png,Connected Scatterplot 1,connected,,connected,,,https://insights.datylon.com/stories/oqOJDl0RCVUMdGl2dJ1Kuw,
ConnectedScatterplot2.png,Connected Scatterplot 2,connected,,connected,,,https://mascot-vis.github.io/gallery.html#ConnectedScatterPlot,
ConnectedScatterplot3.png,Connected Scatterplot 3,connected,,connected,,,https://observablehq.com/@d3/connected-scatterplot,
ConnectedScatterplot4.png,Connected Scatterplot 4,connected,,connected,,,https://vega.github.io/vega-lite/examples/connected_scatterplot.html,
ConnectedScatterplot5.png,Connected Scatterplot 5,connected,,connected,,,https://medium.com/mlearning-ai/tableau-tutorial-how-to-create-a-connected-scatterplot-12a67f4a6855,
ConnectedScatterplot6.png,Connected Scatterplot 6,connected,,connected,,,https://d3-graph-gallery.com/graph/connectedscatter_multi.html,
ConnectedScatterplot7.png,Connected Scatterplot 7,connected,,connected,,,https://dataviz.unhcr.org/tools/r/r_scatterplot_connected.html,
ConnectedScatterplot8.png,Connected Scatterplot 8,connected,,connected,,,https://finnstats.com/index.php/2022/11/16/how-to-make-a-connected-scatter-plot-in-r/,
ConnectedScatterplot9.png,Connected Scatterplot 9,connected,,connected,,,http://steveharoz.com/research/connected_scatterplot/,
ConnectedScatterplot10.png,Connected Scatterplot 10,connected,,connected,,,http://steveharoz.com/research/connected_scatterplot/,
DivergingStackedBarChart1.png,Diverging Stacked Bar Chart 1,diverging,,diverging,,,https://observablehq.com/@d3/diverging-stacked-bar-chart,
DivergingStackedBarChart2.png,Diverging Stacked Bar Chart 2,diverging,,diverging,,,https://observablehq.com/@sura23manohar/diverging-stacked-bar-chart,
DivergingStackedBarChart3.png,Diverging Stacked Bar Chart 3,diverging,,diverging,,,https://vega.github.io/vega-lite/examples/bar_diverging_stack_population_pyramid.html,
DivergingStackedBarChart4.png,Diverging Stacked Bar Chart 4,diverging,,diverging,,,https://mascot-vis.github.io/gallery.html#DivergingBarChart,
DivergingStackedBarChart5.png,Diverging Stacked Bar Chart 5,diverging,,diverging,,,https://vega.github.io/vega-lite/examples/bar_diverging_stack_transform.html,
DivergingStackedBarChart6.png,Diverging Stacked Bar Chart 6,diverging,,diverging,,,https://insights.datylon.com/stories/vyl9HVKNAlSO7vbXR6pJCw,
DivergingStackedBarChart7.png,Diverging Stacked Bar Chart 7,diverging,,diverging,,,https://insights.datylon.com/stories/vlnwCk-K4g0kkrdtGSVC1Q,
DivergingStackedBarChart8.png,Diverging Stacked Bar Chart 8,diverging,,diverging,,,https://insights.datylon.com/stories/jxgTr06G-ndlbUbkbZpEtw,
DivergingStackedBarChart9.png,Diverging Stacked Bar Chart 9,diverging,,diverging,,,http://freerangestats.info/blog/2019/11/03/re-creating-microdata,
DivergingStackedBarChart10.png,Diverging Stacked Bar Chart 10,diverging,,diverging,,,https://package.elm-lang.org/packages/gampleman/elm-visualization/latest/Shape,
DivergingStackedBarChart11.png,Diverging Stacked Bar Chart 11,diverging,,diverging,,,https://suyiinang.netlify.app/posts/tableau_howto/03_likert/,
WaffleChart2.png,Waffle Chart 2,waffle,,waffle,,,https://mascot-vis.github.io/gallery.html#MultipleWaffleCharts,
WaffleChart3.png,Waffle Chart 3,waffle,,waffle,,,https://data-illustrator.cs.umd.edu/app/index.html?project=waffle,
WaffleChart4.png,Waffle Chart 4,waffle,,waffle,,,https://www.kaggle.com/general/114798,
WaffleChart5.png,Waffle Chart 5,waffle,,waffle,,,https://www.kaggle.com/general/114798,
WaffleChart6.png,Waffle Chart 6,waffle,,waffle,,,https://nivo.rocks/waffle/,
WaffleChart7.png,Waffle Chart 7,waffle,,waffle,,,https://pywaffle.readthedocs.io/en/latest/examples/formats_of_values.html,
WaffleChart8.png,Waffle Chart 8,waffle,,waffle,,,http://bl.ocks.org/XavierGimenez/8070956,
WaffleChart9.png,Waffle Chart 9,waffle,,waffle,,,https://www.datylon.com/blog/types-of-charts-graphs-examples-data-visualization,
WaffleChart10.png,Waffle Chart 10,waffle,,waffle,,,https://github.com/gyli/PyWaffle/blob/master/docs/examples/block_colors.md,
DonutChart1.png,Donut Chart 1,donut,,donut,,,https://insights.datylon.com/stories/sfoIRoAR3q-oB0eCyTFB0w,
DonutChart2.png,Donut Chart 2,donut,,donut,,,https://insights.datylon.com/stories/sfoIRoAR3q-oB0eCyTFB0w,
DonutChart3.png,Donut Chart 3,donut,,donut,,,https://bl.ocks.org/mbostock/3887193,
DonutChart4.png,Donut Chart 4,donut,,donut,,,https://www.datylon.com/resources/chart-library/donut-chart,
DonutChart5.png,Donut Chart 5,donut,,donut,,,https://apexcharts.com/javascript-chart-demos/pie-charts/,
DonutChart6.png,Donut Chart 6,donut,,donut,,,https://commons.wikimedia.org/wiki/File:Donut-Chart.svg,
DonutChart7.png,Donut Chart 7,donut,,donut,,,https://observablehq.com/@thetylerwolf/day-6-donut-chart,
DonutChart8.png,Donut Chart 8,donut,,donut,,,https://developers.google.com/chart/interactive/docs/gallery/piechart#donut,
DonutChart9.png,Donut Chart 9,donut,,donut,,,https://plotly.com/javascript/pie-charts/#donut-chart,
DonutChart10.png,Donut Chart 10,donut,,donut,,,https://vega.github.io/vega/examples/donut-chart/,
DonutChart11.png,Donut Chart 11,donut,,donut,,,https://www.datylon.com/blog/types-of-charts-graphs-examples-data-visualization#donut-chart,
DonutChart12.png,Donut Chart 12,donut,,donut,,,https://accessibility.pearson.com/resources/dataviz/,
Treemap1.png,Treemap 1,treemap,,treemap,,,https://bl.ocks.org/mbostock/4063582,
Treemap2.png,Treemap 2,treemap,,treemap,,,https://insights.datylon.com/stories/vGS_pEulvCsEjQlCp5lB2w,
Treemap3.png,Treemap 3,treemap,,treemap,,,https://insights.datylon.com/stories/jmqYaDrvpjskFmwW_bFLmw,
Treemap4.png,Treemap 4,treemap,,treemap,,,https://www.tibco.com/reference-center/what-is-a-treemap-chart,
Treemap5.png,Treemap 5,treemap,,treemap,,,https://diagrammm.com/treemap,
Treemap6.png,Treemap 6,treemap,,treemap,,,https://help.macrobond.com/tutorials-training/4-charting/types-of-charts/outside-of-macrobond/charts-with-r/treemap/,
Treemap7.png,Treemap 7,treemap,,treemap,,,https://www.highcharts.com/demo/treemap-large-dataset,
Treemap8.png,Treemap 8,treemap,,treemap,,,https://plotdb.com/chart/1006/#,
Treemap9.png,Treemap 9,treemap,,treemap,,,https://plotly.com/javascript/treemaps/,
Treemap10.png,Treemap 10,treemap,,treemap,,,https://vega.github.io/vega/examples/treemap/,
AreaChart1.png,Area Chart 1,area,,area,,,https://vega.github.io/vega/examples/area-chart/,
AreaChart2.png,Area Chart 2,area,,area,,,https://observablehq.com/@elishaterada/simple-area-chart-with-tooltip,
AreaChart3.png,Area Chart 3,area,,area,,,https://apexcharts.com/docs/chart-types/area-chart/,
AreaChart5.png,Area Chart 5,area,,area,,,https://observablehq.com/@valentinachaconbuitrago/area-chart-with-focus-context,
AreaChart6.png,Area Chart 6,area,,area,,,https://observablehq.com/@bartok32/real-time-area-chart,
AreaChart7.png,Area Chart 7,area,,area,,,https://observablehq.com/@d3/zoomable-area-chart,
AreaChart8.png,Area Chart 8,area,,area,,,https://apexcharts.com/react-chart-demos/range-area-charts/,
AreaChart9.png,Area Chart 9,area,,area,,,https://observablehq.com/@xianwu/area-chart-basic,
AreaChart10.png,Area Chart 10,area,,area,,,https://docs.evidence.dev/features/charts/area-chart#area,
BubbleChart1.png,Bubble Chart 1,bubble,,bubble,,,https://insights.datylon.com/stories/qS11V4CyLM1etV1Q925FOg,
BubbleChart2.png,Bubble Chart 2,bubble,,bubble,,,https://insights.datylon.com/stories/jVPwg1Q_CeguvLAxY4VJKw,
BubbleChart3.png,Bubble Chart 3,bubble,,bubble,,,https://apexcharts.com/javascript-chart-demos/bubble-charts/simple/,
BubbleChart4.png,Bubble Chart 4,bubble,,bubble,,,https://insights.datylon.com/stories/sUH1REVrdrPZhjXbIOJABA,
BubbleChart5.png,Bubble Chart 5,bubble,,bubble,,,https://insights.datylon.com/stories/jZ9edVDAp0wT6rQzn5FDng,
BubbleChart6.png,Bubble Chart 6,bubble,,bubble,,,https://mascot-vis.github.io/gallery#BubblePlot,
BubbleChart7.png,Bubble Chart 7,bubble,,bubble,,,https://www.datylon.com/product/chart-library/bubble-chart,
BubbleChart8.png,Bubble Chart 8,bubble,,bubble,,,https://vega.github.io/vega-lite/examples/point_bubble.html,
BubbleChart9.png,Bubble Chart 9,bubble,,bubble,,,https://vega.github.io/vega-lite/examples/circle_bubble_health_income.html,
BubbleChart10.png,Bubble Chart 10,bubble,,bubble,,,https://vega.github.io/vega-lite/examples/circle_natural_disasters.html,
StackedAreaChart1.png,Stacked Area Chart 1,stacked,,stacked,,,https://academy.datawrapper.de/article/106-how-to-create-an-area-chart,
StackedAreaChart12.png,Stacked Area Chart 12,stacked,,stacked,,,https://apexcharts.com/javascript-chart-demos/area-charts/stacked/,
StackedAreaChart2.png,Stacked Area Chart 2,stacked,,stacked,,,https://www.datawrapper.de/_/8Wwvx/,
StackedAreaChart3.png,Stacked Area Chart 3,stacked,,stacked,,,https://observablehq.com/@marcsoh-smu/stacked-area-chart-of-tb-cases-in-africa-2000-to-2021,
StackedAreaChart4.png,Stacked Area Chart 4,stacked,,stacked,,,https://insights.datylon.com/stories/t8_KLLekHtE6msHLYtlP4w,
StackedAreaChart5.png,Stacked Area Chart 5,stacked,,stacked,,,https://www.data-to-viz.com/graph/stackedarea.html,
StackedAreaChart6.png,Stacked Area Chart 6,stacked,,stacked,,,https://www.anychart.com/products/anychart/gallery/Area_Charts/Stacked_Area_Chart.php,
StackedAreaChart7.png,Stacked Area Chart 7,stacked,,stacked,,,https://plotly.com/python/filled-area-plots/,
StackedAreaChart13.png,Stacked Area Chart 13,stacked,,stacked,,,https://apexcharts.com/docs/chart-types/area-chart/,
StackedAreaChart8.png,Stacked Area Chart 8,stacked,,stacked,,,https://observablehq.com/@miralemd/picasso-js-stacked-area-chart,
StackedAreaChart14.png,Stacked Area Chart 14,stacked,,stacked,,,https://www.grunt.pro/product/charts,
StackedAreaChart9.png,Stacked Area Chart 9,stacked,,stacked,,,https://observablehq.com/@bigshow/stacked-area-chart,
StackedAreaChart10.png,Stacked Area Chart 10,stacked,,stacked,,,https://vega.github.io/vega/examples/stacked-area-chart/,
Calendar1.png,Calendar 1,calendar,,calendar,,,https://vega.github.io/vega/examples/calendar-view/,
Calendar11.png,Calendar 11,calendar,,calendar,,,https://apexcharts.com/javascript-chart-demos/heatmap-charts/color-range/,
Calendar2.png,Calendar 2,calendar,,calendar,,,https://www.zingchart.com/docs/chart-types/calendar,
Calendar3.png,Calendar 3,calendar,,calendar,,,https://observablehq.com/@ee2dev/plot-exploration-how-to-customize-the-calendar-visualizat,
Calendar4.png,Calendar 4,calendar,,calendar,,,https://observablehq.com/@ee2dev/plot-exploration-how-to-customize-the-calendar-visualizat,
Calendar5.png,Calendar 5,calendar,,calendar,,,https://www.wiards.com/orchard-info/calendar-and-hours,
Calendar6.png,Calendar 6,calendar,,calendar,,,https://www.anychart.com/products/anychart/gallery/Calendar_Chart/GitHub_Contributions.php,
Calendar7.png,Calendar 7,calendar,,calendar,,,https://www.anychart.com/products/anychart/gallery/Calendar_Chart/Mike_Bostock_GitHub_Contributions.php?theme=lightGlamour,
Calendar8.png,Calendar 8,calendar,,calendar,,,https://observablehq.com/@stvkas/streaking-calendar,
Calendar12.png,Calendar 12,calendar,,calendar,,,https://apexcharts.com/javascript-chart-demos/heatmap-charts/basic/,
Calendar9.png,Calendar 9,calendar,,calendar,,,https://observablehq.com/@josephg/calendar-generator,
Calendar10.png,Calendar 10,calendar,,calendar,,,https://observablehq.com/@nyem69/calendar,
Densityplot1.png,Density plot 1,density,,density,,,https://en.wikipedia.org/wiki/File:Rating_count_density_by_project_quality_assessment.svg,
Densityplot2.png,Density plot 2,density,,density,,,https://datavizcatalogue.com/methods/density_plot.html,
Densityplot3.png,Density plot 3,density,,density,,,https://d3-graph-gallery.com/graph/density_basic.html,
Densityplot4.png,Density plot 4,density,,density,,,https://commons.wikimedia.org/wiki/File:Reaction_time_density_plot.svg,
Densityplot5.png,Density plot 5,density,,density,,,https://vega.github.io/vega-lite/examples/area_density.html,
Densityplot6.png,Density plot 6,density,,density,,,https://mascot-vis.github.io/gallery.html#DensityPlot,
Densityplot7.png,Density plot 7,density,,density,,,https://insights.datylon.com/stories/r5Suw19BKP9CwiaV_xBLqA,
Densityplot8.png,Density plot 8,density,,density,,,https://insights.datylon.com/stories/nsmK7uWJ_-KayTsMLKBPbA,
Densityplot9.png,Density plot 9,density,,density,,,https://wilkelab.org/SDS375/slides/visualizing-distributions-2_files/figure-html/temps_densities_overlapping-1.svg,
Densityplot10.png,Density plot 10,density,,density,,,https://people.ohio.edu/ruhil/RBookNew/visualizing-data.html,
CirclePacking1.png,Circle Packing 1,circle,,circle,,,https://www.d3indepth.com/introduction/,
CirclePacking2.png,Circle Packing 2,circle,,circle,,,https://www.amcharts.com/demos-v4/packed-circle-chart-v4/,
CirclePacking3.png,Circle Packing 3,circle,,circle,,,https://bl.ocks.org/mbostock/4063530,
CirclePacking4.png,Circle Packing 4,circle,,circle,,,https://r-graph-gallery.com/circle-packing.html,
CirclePacking5.png,Circle Packing 5,circle,,circle,,,https://vega.github.io/vega/examples/circle-packing/,
CirclePacking6.png,Circle Packing 6,circle,,circle,,,https://www.zingchart.com/docs/chart-types/bubble-pack,
CirclePacking7.png,Circle Packing 7,circle,,circle,,,https://observablehq.com/@d3/pack,
CirclePacking8.png,Circle Packing 8,circle,,circle,,,https://observablehq.com/@d3/bubble-chart,
CirclePacking9.png,Circle Packing 9,circle,,circle,,,https://observablehq.com/@didoesdigital/d3-circle-packing,
CirclePacking10.png,Circle Packing 10,circle,,circle,,,https://observablehq.com/d/c5055cd545937e32,
CirclePacking11.png,Circle Packing 11,circle,,circle,,,https://observablehq.com/@danyyyy89/force-simulation-to-visualize-word-cloud,
CirclePacking12.png,Circle Packing 12,circle,,circle,,,https://observablehq.com/@danielefadda/force-simulation-to-visualize-word-cloud-with-split-versio ,
CirclePacking13.png,Circle Packing 13,circle,,circle,,,https://commons.wikimedia.org/wiki/File:Bubble_chart_of_programming_paradigms_en.svg,
ConnectedDotPlot1.png,Connected Dot Plot 1,connected,,connected,,,https://bl.ocks.org/maartenzam/6235b42b9f9ec3851c492082957180d8,
ConnectedDotPlot3.png,Connected Dot Plot 3,connected,,connected,,,https://plotdb.com/chart/980/#,
ConnectedDotPlot4.png,Connected Dot Plot 4,connected,,connected,,,https://vega.github.io/vega-lite/examples/layer_ranged_dot.html,
ConnectedDotPlot5.png,Connected Dot Plot 5,connected,,connected,,,https://observablehq.com/@d3/dot-plot,
ConnectedDotPlot11.png,Connected Dot Plot 11,connected,,connected,,,https://www.datylon.com/blog/how-to-make-a-dot-plot-in-adobe-illustrator,
ConnectedDotPlot6.png,Connected Dot Plot 6,connected,,connected,,,https://observablehq.com/@lorenries/political-science-rankings-connected-dot-plot,
ConnectedDotPlot13.png,Connected Dot Plot 13,connected,,connected,,,https://www.datylon.com/resources/chart-library/dot-plot,
ConnectedDotPlot7.png,Connected Dot Plot 7,connected,,connected,,,https://observablehq.com/@didoesdigital/1-august-2020-d3-dumbbell-plot,
ConnectedDotPlot8.png,Connected Dot Plot 8,connected,,connected,,,https://mascot-vis.github.io/gallery.html#LollipopChart,
ConnectedDotPlot9.png,Connected Dot Plot 9,connected,,connected,,,https://mascot-vis.github.io/gallery.html#DumbbellChart,
ConnectedDotPlot11.png,Connected Dot Plot 11,connected,,connected,,,https://www.storytellingwithdata.com/blog/2021/8/12/creating-dot-plots,
ConnectedDotPlot12.png,Connected Dot Plot 12,connected,,connected,,,https://observablehq.com/@flekschas/range-chart,
PolarAreaChart1.png,Polar Area Chart 1,polar,,polar,,,https://online.visual-paradigm.com/community/share/100-stacked-rose-chart-art-m74ckhugo,
PolarAreaChart2.png,Polar Area Chart 2,polar,,polar,,,https://www.highcharts.com/demo/polar-wind-rose,
PolarAreaChart4.png,Polar Area Chart 4,polar,,polar,,,https://datavizcatalogue.com/methods/nightingale_rose_chart.html,
PolarAreaChart5.png,Polar Area Chart 5,polar,,polar,,,https://vega.github.io/vega/examples/radial-plot/,
PolarAreaChart6.png,Polar Area Chart 6,polar,,polar,,,https://www.anychart.com/products/anychart/gallery/Polar_Charts/Polygon_Polar_Chart.php?theme=lightEarth,
PolarAreaChart7.png,Polar Area Chart 7,polar,,polar,,,https://observablehq.com/@asier/polar-area-chart,
PolarAreaChart8.png,Polar Area Chart 8,polar,,polar,,,https://observablehq.com/@sophiamersmann/polar-area-chart,
PolarAreaChart9.png,Polar Area Chart 9,polar,,polar,,,https://www.amcharts.com/demos-v4/polar-area-chart-v4/,
PolarAreaChart11.png,Polar Area Chart 11,polar,,polar,,,https://plotly.com/python/polar-chart/,
PolarAreaChart12.png,Polar Area Chart 12,polar,,polar,,,https://cran.r-project.org/web/packages/actel/readme/README.html,
PolarAreaChart14.png,Polar Area Chart 14,polar,,polar,,,https://www.iodraw.com/en/template/bar-polar-stack-radial,
RadialBarChart1.png,Radial Bar Chart 1,radial,,radial,,,https://freetrade.io/stocks-and-shares-isa/isa-research,
RadialBarChart2.png,Radial Bar Chart 2,radial,,radial,,,https://stateofglobalexpansion.com/index.html,
RadialBarChart3.png,Radial Bar Chart 3,radial,,radial,,,https://www.technologyreview.com/2021/06/10/1026038/transforming-health-care-at-the-edge/,
RadialBarChart4.png,Radial Bar Chart 4,radial,,radial,,,https://hellofyllo.com/resources/blog/marketing-solutions/2022-the-most-diverse-420-ever,
RadialBarChart5.png,Radial Bar Chart 5,radial,,radial,,,https://www.highcharts.com/demo/ios/polar-radial-bar,
RadialBarChart6*.png,Radial Bar Chart 6*,radial,,radial,,,https://www.iodraw.com/en/template/bar-polar-label-tangential,
RadialBarChart7.png,Radial Bar Chart 7,radial,,radial,,,https://report2020.gruppoiren.it/en/sustainability/customers-and-communities/customers-and-services,
RadialBarChart8.png,Radial Bar Chart 8,radial,,radial,,,https://www.predicthq.com/blog/top-ten-states-recovery,
RadialBarChart9.png,Radial Bar Chart 9,radial,,radial,,,https://apexcharts.com/javascript-chart-demos/radialbar-charts/custom-angle-circle/,
RadialBarChart11.png,Radial Bar Chart 11,radial,,radial,,,https://apexcharts.com/javascript-chart-demos/radialbar-charts/multiple-radialbars/,
RadialBarChart10.png,Radial Bar Chart 10,radial,,radial,,,https://www.dettol.co.nz/health-hygiene/personal/sanitising-hands-out-of-home/,
RadarChart1.png,Radar Chart 1,radar,,radar,,,https://creately.com/diagram/example/jlq2kb2u2/radar-chart-example,
RadarChart2.png,Radar Chart 2,radar,,radar,,,https://observablehq.com/@avoits/polar-chart,
RadarChart3.png,Radar Chart 3,radar,,radar,,,https://observablehq.com/@marit970/radar-plot,
RadarChart4.png,Radar Chart 4,radar,,radar,,,https://observablehq.com/@huangshew/spider-chart/2,
RadarChart5.png,Radar Chart 5,radar,,radar,,,https://www.highcharts.com/demo/polar,
RadarChart6.png,Radar Chart 6,radar,,radar,,,https://www.tibco.com/reference-center/what-is-a-radar-chart,
RadarChart7.png,Radar Chart 7,radar,,radar,,,https://vega.github.io/vega/examples/radar-chart/,
RadarChart8.png,Radar Chart 8,radar,,radar,,,https://jscharting.com/examples/chart-types/radar-polar/area/,
RadarChart9.png,Radar Chart 9,radar,,radar,,,https://doc.cuba-platform.com/charts-latest/radar_chart.html,
RadarChart10.png,Radar Chart 10,radar,,radar,,,https://www.amcharts.com/demos-v4/radar-chart-v4/,
MatrixDiagram1.png,Matrix Diagram 1,matrix,,matrix,,,https://observablehq.com/@bstaats/matrix-diagram,
MatrixDiagram2.png,Matrix Diagram 2,matrix,,matrix,,,https://insights.datylon.com/stories/kTQJkb9CukJtArIDROJO1w,
MatrixDiagram3.png,Matrix Diagram 3,matrix,,matrix,,,https://commons.wikimedia.org/wiki/File:Risk_Analysis_Chart.svg,
MatrixDiagram4.png,Matrix Diagram 4,matrix,,matrix,,,https://observablehq.com/@fil/matrix-diagram,
MatrixDiagram5.png,Matrix Diagram 5,matrix,,matrix,,,https://observablehq.com/d/9dc0f30b60feeca0,
MatrixDiagram6.png,Matrix Diagram 6,matrix,,matrix,,,https://observablehq.com/@burrussmp/designing-a-customizable-confusion-matrix-in-d3,
MatrixDiagram7.png,Matrix Diagram 7,matrix,,matrix,,,https://observablehq.com/@arcayle/a-customizable-interactive-confusion-matrix,
MatrixDiagram8.png,Matrix Diagram 8,matrix,,matrix,,,https://www.datylon.com/blog/types-of-charts-graphs-examples-data-visualization#matrix-chart,
MatrixDiagram9.png,Matrix Diagram 9,matrix,,matrix,,,https://creately.com/diagram/example/ReutHhh4gus/confrontation-matrix-template,
MatrixDiagram10.png,Matrix Diagram 10,matrix,,matrix,,,https://pidnotebooks.org/pages/pidgraph-notebooks-python/user-story-3-impacts-of-organization/,
BoxAndWhisker1.png,Box-and-whisker plot 1,box-and-whisker,,box-and-whisker,,,https://www.nagwa.com/en/explainers/812192146073/,
BoxAndWhisker2.png,Box-and-whisker plot 2,box-and-whisker,,box-and-whisker,,,https://apexcharts.com/docs/chart-types/boxplot/,
BoxAndWhisker3.png,Box-and-whisker plot 3,box-and-whisker,,box-and-whisker,,,https://www.khanacademy.org/math/statistics-probability/summarizing-quantitative-data/box-whisker-plots/a/box-plot-review,
BoxAndWhisker4.png,Box-and-whisker plot 4,box-and-whisker,,box-and-whisker,,,https://www.codecademy.com/learn/stats-associations-between-variables/modules/stats-associations-between-variables/cheatsheet,
BoxAndWhisker5.png,Box-and-whisker plot 5,box-and-whisker,,box-and-whisker,,,https://apexcharts.com/docs/chart-types/boxplot/,
BoxAndWhisker6.png,Box-and-whisker plot 6,box-and-whisker,,box-and-whisker,,,https://alex-hhh.github.io/2021/04/box-and-whiskers-plot.html,
BoxAndWhisker7.png,Box-and-whisker plot 7,box-and-whisker,,box-and-whisker,,,https://observablehq.com/@d3/box-plot,
BoxAndWhisker8.png,Box-and-whisker plot 8,box-and-whisker,,box-and-whisker,,,https://observablehq.com/@mukhtyar/box-plot,
BoxAndWhisker9.png,Box-and-whisker plot 9,box-and-whisker,,box-and-whisker,,,https://vega.github.io/vega-lite/examples/boxplot_minmax_2D_vertical.html,
BoxAndWhisker10.png,Box-and-whisker plot 10,box-and-whisker,,box-and-whisker,,,https://data-illustrator.cs.umd.edu/app/index.html?project=few_box_plot,
CandlestickChart1.png,Candlestick Chart 1,candlestick,,candlestick,,,https://codepen.io/frederickallen/pen/MZXNVY,
CandlestickChart2.png,Candlestick Chart 2,candlestick,,candlestick,,,https://github.com/garys-io/garys-io-candlestick-chart-d3,
CandlestickChart3.png,Candlestick Chart 3,candlestick,,candlestick,,,https://www.fusioncharts.com/dev/chart-guide/standard-charts/candlestick-chart,
CandlestickChart4.png,Candlestick Chart 4,candlestick,,candlestick,,,https://www.tibco.com/reference-center/what-is-a-candlestick-chart,
CandlestickChart5.png,Candlestick Chart 5,candlestick,,candlestick,,,https://juliastats.org/TimeSeries.jl/latest/plotting/,
CandlestickChart6.png,Candlestick Chart 6,candlestick,,candlestick,,,https://diagrammm.com/candlestick_chart,
CandlestickChart7.png,Candlestick Chart 7,candlestick,,candlestick,,,https://en.wikipedia.org/wiki/File:Candlestick_chart_scheme_02-en.svg,
CandlestickChart8.png,Candlestick Chart 8,candlestick,,candlestick,,,https://observablehq.com/@d3/candlestick-chart,
CandlestickChart9.png,Candlestick Chart 9,candlestick,,candlestick,,,https://www.forex.com/en-us/trading-academy/courses/technical-analysis/key-candlestick-patterns/,
CandlestickChart10.png,Candlestick Chart 10,candlestick,,candlestick,,,https://enrichmoney.in/blog-article/top-5-candlestick-patterns-traders-must-know,
VennDiagram1.png,Venn Diagram 1,venn,,venn,,,https://commons.wikimedia.org/wiki/File:Venn_Diagram_of_Numbers.svg,
VennDiagram2.png,Venn Diagram 2,venn,,venn,,,https://mmerevise.co.uk/gcse-maths-revision/venn-diagrams/,
VennDiagram3.png,Venn Diagram 3,venn,,venn,,,https://commons.wikimedia.org/wiki/File:Venn_diagram_coloured.svg,
VennDiagram4.png,Venn Diagram 4,venn,,venn,,,https://diagrammm.com/venn_diagram,
VennDiagram5.png,Venn Diagram 5,venn,,venn,,,https://freesvg.org/venn-diagram,
VennDiagram6.png,Venn Diagram 6,venn,,venn,,,https://commons.wikimedia.org/wiki/File:Venn_diagram_cmyk.svg,
VennDiagram7.png,Venn Diagram 7,venn,,venn,,,"https://en.wikipedia.org/wiki/File:Venn_diagram_showing_Maximum_Greek,_Latin_and_Cyrillic_letters.svg",
VennDiagram8.png,Venn Diagram 8,venn,,venn,,,https://www.nagwa.com/en/worksheets/815127423682/,
VennDiagram9.png,Venn Diagram 9,venn,,venn,,,https://www.lucidchart.com/pages/tutorial/venn-diagram,
VennDiagram10.png,Venn Diagram 10,venn,,venn,,,https://en.wikichip.org/wiki/File:x86_tme_virtualization_example_venn_diagram.svg,
StreamGraph1.png,Stream Graph 1,stream,,stream,,,https://insights.datylon.com/stories/mYTOaOfgUWal7LFDN3VAlQ,
StreamGraph2.png,Stream Graph 2,stream,,stream,,,https://insights.datylon.com/stories/ntmFCLHAVy454T6t8NFA-A,
StreamGraph3.png,Stream Graph 3,stream,,stream,,,https://plotdb.com/chart/1038/,
StreamGraph4.png,Stream Graph 4,stream,,stream,,,https://www.datylon.com/blog/types-of-charts-graphs-examples-data-visualization,
StreamGraph5.png,Stream Graph 5,stream,,stream,,,https://datavizcatalogue.com/methods/stream_graph.html,
StreamGraph6.png,Stream Graph 6,stream,,stream,,,https://www.highcharts.com/demo/streamgraph/dark-unica,
StreamGraph7.png,Stream Graph 7,stream,,stream,,,https://www.data-to-viz.com/graph/streamgraph.html,
StreamGraph8.png,Stream Graph 8,stream,,stream,,,https://streamgraphs.github.io/marketcap.html,
StreamGraph9.png,Stream Graph 9,stream,,stream,,,https://en.wikipedia.org/wiki/Streamgraph#/media/File:LastGraph_example.svg,
StreamGraph10.png,Stream Graph 10,stream,,stream,,,https://www.highcharts.com/blog/chartchooser/streamgraph-flow-continuous/,
StreamGraph11.png,Stream Graph 11,stream,,stream,,,https://edgetheory.com/kudzu,
ParallelCoordinatesPlot1.png,Parallel Coordinates Plot 1,parallel,,parallel,,,https://mascot-vis.github.io/gallery.html#ParallelCoordinates,
ParallelCoordinatesPlot2.png,Parallel Coordinates Plot 2,parallel,,parallel,,,https://datavizcatalogue.com/methods/parallel_coordinates.html,
ParallelCoordinatesPlot3.png,Parallel Coordinates Plot 3,parallel,,parallel,,,https://www.datylon.com/blog/types-of-charts-graphs-examples-data-visualization,
ParallelCoordinatesPlot4.png,Parallel Coordinates Plot 4,parallel,,parallel,,,https://data-illustrator.cs.umd.edu/app/index.html?project=cars_parallel_coordinates,
ParallelCoordinatesPlot5.png,Parallel Coordinates Plot 5,parallel,,parallel,,,https://www.highcharts.com/demo/parallel-coordinates,
ParallelCoordinatesPlot6.png,Parallel Coordinates Plot 6,parallel,,parallel,,,https://alandefreitas.github.io/matplotplusplus/plot-types/data-distribution/parallel-coordinates/,
ParallelCoordinatesPlot7.png,Parallel Coordinates Plot 7,parallel,,parallel,,,https://dept.stat.lsa.umich.edu/~kshedden/introds/topics/graphical_summaries/,
ParallelCoordinatesPlot9.png,Parallel Coordinates Plot 9,parallel,,parallel,,,https://blog.jpl.design/posts/f20/info-design/raw/,
ParallelCoordinatesPlot10.png,Parallel Coordinates Plot 10,parallel,,parallel,,,https://ourworldindata.org/grapher/total-fertility-rate-slope-chart,
KagiChart1.png,Kagi Chart 1,kagi,,kagi,,,https://arpitnarechania.github.io/d3-kagi/,
KagiChart2.png,Kagi Chart 2,kagi,,kagi,,,https://datavizcatalogue.com/methods/kagi_chart.html,
KagiChart3.png,Kagi Chart 3,kagi,,kagi,,,https://diagrammm.com/kagi_chart,
KagiChart4.png,Kagi Chart 4,kagi,,kagi,,,https://diagrammm.com/kagi_chart,
KagiChart5.png,Kagi Chart 5,kagi,,kagi,,,https://datavizcatalogue.com/methods/kagi_chart.html,
KagiChart6.png,Kagi Chart 6,kagi,,kagi,,,https://arpitnarechania.github.io/d3-kagi/,
KagiChart7.png,Kagi Chart 7,kagi,,kagi,,,https://arpitnarechania.github.io/d3-kagi/,
KagiChart8.png,Kagi Chart 8,kagi,,kagi,,,https://arpitnarechania.github.io/d3-kagi/,
KagiChart9.png,Kagi Chart 9,kagi,,kagi,,,https://arpitnarechania.github.io/d3-kagi/,
KagiChart10.png,Kagi Chart 10,kagi,,kagi,,,https://arpitnarechania.github.io/d3-kagi/,
KagiChart11.png,Kagi Chart 11,kagi,,kagi,,,https://arpitnarechania.github.io/d3-kagi/,
KagiChart12.png,Kagi Chart 12,kagi,,kagi,,,https://arpitnarechania.github.io/d3-kagi/,
SpiralPlot1.png,Spiral Plot 1,spiral,,spiral,,,https://community.storytellingwithdata.com/challenges/jan-2022-visualizing-cycles/global-surface-temperature,
SpiralPlot2.png,Spiral Plot 2,spiral,,spiral,,,https://observablehq.com/@tomshanley/spiral-heatmap-northern-hemisphere-sea-ice-extent-1978-to-2,
SpiralPlot3.png,Spiral Plot 3,spiral,,spiral,,,https://observablehq.com/@mwindson/spiral-calendar,
SpiralPlot4.png,Spiral Plot 4,spiral,,spiral,,,https://observablehq.com/@tomshanley/spiral-heatmap,
SpiralPlot5.png,Spiral Plot 5,spiral,,spiral,,,https://observablehq.com/@sawyerclick/condegram,
SpiralPlot6.png,Spiral Plot 6,spiral,,spiral,,,https://charticulator.com/gallery/fitbit_activities.html,
SpiralPlot7.png,Spiral Plot 7,spiral,,spiral,,,http://www.relevantmisc.com/r/2020/06/01/baby-sleep-radial/,
SpiralPlot8.png,Spiral Plot 8,spiral,,spiral,,,https://charticulator.com/gallery/fitbit_activities.html,
SpiralPlot9.png,Spiral Plot 9,spiral,,spiral,,,https://charticulator.com/gallery/fitbit_activities.html,
SpiralPlot10.png,Spiral Plot 10,spiral,,spiral,,,https://charticulator.com/gallery/fitbit_activities.html,
ParallelSets1.png,Parallel Sets 1,parallels,,parallels,,,https://www.jasondavies.com/parallel-sets/,
ParallelSets2.png,Parallel Sets 2,parallels,,parallels,,,https://observablehq.com/@d3/parallel-sets,
ParallelSets3.png,Parallel Sets 3,parallels,,parallels,,,https://datavizcatalogue.com/TR/yontemleri/paralel_setler.html,
ParallelSets4.png,Parallel Sets 4,parallels,,parallels,,,https://observablehq.com/@john-guerra/parallel-sets,
ParallelSets5.png,Parallel Sets 5,parallels,,parallels,,,https://datavizcatalogue.com/TR/yontemleri/paralel_setler.html,
BulletChart1.png,Bullet Chart 1,bullet,,bullet,,,https://mascot-vis.github.io/gallery.html#BulletChart,
BulletChart2.png,Bullet Chart 2,bullet,,bullet,,,https://gist.github.com/mbostock/4061961,
BulletChart3.png,Bullet Chart 3,bullet,,bullet,,,https://www.datawrapper.de/_/h3Jz9/,
BulletChart4.png,Bullet Chart 4,bullet,,bullet,,,https://academy.datawrapper.de/article/18-how-to-create-a-bullet-bar-chart,
BulletChart5.png,Bullet Chart 5,bullet,,bullet,,,https://datavizcatalogue.com/methods/bullet_graph.html,
BulletChart6.png,Bullet Chart 6,bullet,,bullet,,,https://gist.github.com/CodeXmonk/6112167,
BulletChart7.png,Bullet Chart 7,bullet,,bullet,,,https://observablehq.com/@stroked/market-bullets,
BulletChart8.png,Bullet Chart 8,bullet,,bullet,,,https://insights.datylon.com/stories/pdRiJv2a9qTzq2esUDJPDQ,
BulletChart9.png,Bullet Chart 9,bullet,,bullet,,,https://insights.datylon.com/stories/sUH1REVrdrPZhjXbIOJABA,
BulletChart10.png,Bullet Chart 10,bullet,,bullet,,,https://insights.datylon.com/stories/n6auc9_VCR7nUtwlhD5B_A,
BulletChart11.png,Bullet Chart 11,bullet,,bullet,,,https://synergycodes.com/blog/top-types-of-charts-graphs-for-expert-data-visualization/,
BulletChart12.png,Bullet Chart 12,bullet,,bullet,,,https://okviz.com/bullet-chart/,
BulletChart13.png,Bullet Chart 13,bullet,,bullet,,,https://www.ibm.com/design/language/data-visualization/charts/,
BulletChart14.png,Bullet Chart 14,bullet,,bullet,,,https://vis.zone/graph/bullet-graph/,
BulletChart15.png,Bullet Chart 15,bullet,,bullet,,,https://commons.wikimedia.org/wiki/File:Labelled_Bullet_Graph_Example.svg,
BulletChart16.png,Bullet Chart 16,bullet,,bullet,,,https://www.fusioncharts.com/charts,
BulletChart17.png,Bullet Chart 17,bullet,,bullet,,,https://www.fusioncharts.com/charts/bullet-graphs/horizontal-bullet-graph?framework=javascript,
RangeChart1.png,Range Chart 1,range,,range,,,https://mascot-vis.github.io/gallery.html#RangeChart,
RangeChart2.png,Range Chart 2,range,,range,,,https://www.anychart.com/products/anychart/gallery/Range_Charts/Climate_Data.php,
RangeChart5.png,Range Chart 5,range,,range,,,https://www.anychart.com/products/anychart/gallery/Range_Charts/Range_Spline-Area_Chart.php,
RangeChart6.png,Range Chart 6,range,,range,,,https://www.anychart.com/products/anychart/gallery/Range_Charts/Range_Column_Chart.php,
RangeChart7.png,Range Chart 7,range,,range,,,https://www.anychart.com/products/anychart/gallery/Range_Charts/Range_Step-Area_Chart.php,
RangeChart8.png,Range Chart 8,range,,range,,,https://www.anychart.com/chartopedia/chart-type/range-area-chart/,
RangeChart9.png,Range Chart 9,range,,range,,,https://docs.anychart.com/Basic_Charts/Range_Bar_Chart,
RangeChart10.png,Range Chart 10,range,,range,,,https://docs.anychart.com/Basic_Charts/Range_Area_Chart,
RangeChart11.png,Range Chart 11,range,,range,,,https://apexcharts.com/javascript-chart-demos/range-area-charts/,
RangeChart12.png,Range Chart 12,range,,range,,,https://apexcharts.com/javascript-chart-demos/range-area-charts/combo/,
RangeChart13.png,Range Chart 13,range,,range,,,https://www.telerik.com/kendo-angular-ui/components/charts/,
RangeChart14.png,Range Chart 14,range,,range,,,https://www.eia.gov/todayinenergy/detail.php?id=51098,
RangeChart15.png,Range Chart 15,range,,range,,,https://www.highcharts.com/demo/arearange-line,
Heatmap1.png,Heatmap 1,heatmap,,heatmap,,,http://graphics.wsj.com/infectious-diseases-and-vaccines/,
Heatmap2.png,Heatmap 2,heatmap,,heatmap,,,https://vega.github.io/vega/examples/heatmap/,
Heatmap3.png,Heatmap 3,heatmap,,heatmap,,,https://observablehq.com/@sjengle/zillow-affordability-heatmap,
Heatmap4.png,Heatmap 4,heatmap,,heatmap,,,https://observablehq.com/@nbremer/hexagon-grid-heatmap,
Heatmap5.png,Heatmap 5,heatmap,,heatmap,,,https://observablehq.com/@lorenries/political-science-rankings-heatmap,
Heatmap6.png,Heatmap 6,heatmap,,heatmap,,,https://observablehq.com/@palewire/california-coronavirus-reopening-heatmap,
Heatmap7.png,Heatmap 7,heatmap,,heatmap,,,https://observablehq.com/@eliaslevy/d3-heatmap,
Heatmap8.png,Heatmap 8,heatmap,,heatmap,,,https://observablehq.com/@marialuisacp/heatmap,
Heatmap9.png,Heatmap 9,heatmap,,heatmap,,,https://datavizcatalogue.com/methods/heatmap.html,
Heatmap10.png,Heatmap 10,heatmap,,heatmap,,,https://nivo.rocks/heatmap/,
GeoHeatmap1.png,Geo Heatmap 1,geo,,geo,,,https://observablehq.com/@parkerziegler/choropleths-four-ways,
GeoHeatmap2.png,Geo Heatmap 2,geo,,geo,,,https://observablehq.com/@lisilinhart/choropleth-map,
GeoHeatmap3.png,Geo Heatmap 3,geo,,geo,,,https://www.tibco.com/reference-center/what-is-a-geographical-chart,
GeoHeatmap4.png,Geo Heatmap 4,geo,,geo,,,https://aeturrell.github.io/coding-for-economists/geo-vis.html,
GeoHeatmap5.png,Geo Heatmap 5,geo,,geo,,,https://vega.github.io/vega-lite/examples/geo_choropleth.html,
GeoHeatmap6.png,Geo Heatmap 6,geo,,geo,,,https://vega.github.io/vega-lite/examples/geo_repeat.html,
GeoHeatmap7.png,Geo Heatmap 7,geo,,geo,,,https://observablehq.com/@clhenrick/reusable-choropleth-map,
GeoHeatmap8.png,Geo Heatmap 8,geo,,geo,,,https://observablehq.com/@gcmleon/choropleth-map-animation,
GeoHeatmap9.png,Geo Heatmap 9,geo,,geo,,,https://observablehq.com/@z-richard/choropleth-map-of-the-covid-19-cases-in-china,
GeoHeatmap10.png,Geo Heatmap 10,geo,,geo,,,https://observablehq.com/@parthmerchant/the-energy-viz-project,
ViolinPlot1.png,Violin Plot 1,violin,,violin,,,https://mascot-vis.github.io/gallery.html#ViolinPlot,
ViolinPlot2.png,Violin Plot 2,violin,,violin,,,https://observablehq.com/@theodedeken/19-violin-plot,
ViolinPlot3.png,Violin Plot 3,violin,,violin,,,https://observablehq.com/d/b6a48d1bd297c087,
ViolinPlot4.png,Violin Plot 4,violin,,violin,,,https://plotly.com/javascript/violin/,
ViolinPlot5.png,Violin Plot 5,violin,,violin,,,https://d3-graph-gallery.com/graph/violin_basicHist.html,
ViolinPlot6.png,Violin Plot 6,violin,,violin,,,https://vega.github.io/vega/examples/violin-plot/,
ViolinPlot7.png,Violin Plot 7,violin,,violin,,,https://observablehq.com/d/1771ceff9a6022c3,
ViolinPlot8.png,Violin Plot 8,violin,,violin,,,https://observablehq.com/@jonhelfman/plot-violin-chart-with-facet,
ViolinPlot9.png,Violin Plot 9,violin,,violin,,,https://observablehq.com/@garrettvercoe/split-violin-plot,
ViolinPlot10.png,Violin Plot 10,violin,,violin,,,https://observablehq.com/@vaibhav-rane/assignment-3,
WordCloud1.png,Word Cloud 1,word,,word,,,https://observablehq.com/@d3/word-cloud,
WordCloud2.png,Word Cloud 2,word,,word,,,https://observablehq.com/@randomfractals/nlp-word-cloud,
WordCloud3.png,Word Cloud 3,word,,word,,,https://vega.github.io/vega/examples/word-cloud/,
WordCloud4.png,Word Cloud 4,word,,word,,,https://www.anychart.com/products/anychart/gallery/Tag_Cloud/Alice_In_Wonderland.php,
WordCloud5.png,Word Cloud 5,word,,word,,,https://www.anychart.com/products/anychart/gallery/Tag_Cloud/World_Population.php,
WordCloud6.png,Word Cloud 6,word,,word,,,https://www.anychart.com/products/anychart/gallery/Tag_Cloud/State_of_the_Union_Address_Most_Used_Words.php,
WordCloud8.png,Word Cloud 8,word,,word,,,https://observablehq.com/@soezen/word-cloud,
WordCloud9.png,Word Cloud 9,word,,word,,,https://observablehq.com/@cliffng/word-cloud,
WordCloud10.png,Word Cloud 10,word,,word,,,https://observablehq.com/d/115a62bd2a944ca6,
BumpChart1.png,Bump Chart 1,bump,,bump,,,https://data-illustrator.cs.umd.edu/app/index.html?project=new_car_colors,
BumpChart2.png,Bump Chart 2,bump,,bump,,,https://commons.wikimedia.org/wiki/File:Canada_Historical_Population_Bump_Chart_no_signature.svg,
BumpChart3.png,Bump Chart 3,bump,,bump,,,https://placeless.net/blog/rawgraphs-intro,
BumpChart4.png,Bump Chart 4,bump,,bump,,,https://observablehq.com/@analyzer2004/bump-chart,
BumpChart5.png,Bump Chart 5,bump,,bump,,,https://observablehq.com/@fil/bump-chart,
BumpChart6.png,Bump Chart 6,bump,,bump,,,https://nbremer.github.io/babynames/,
BumpChart7.png,Bump Chart 7,bump,,bump,,,https://insights.datylon.com/stories/s6O9Mt4Za_2Per9-911JKQ,
BumpChart8.png,Bump Chart 8,bump,,bump,,,https://observablehq.com/@imbottlebird/bump-chart,
BumpChart9.png,Bump Chart 9,bump,,bump,,,https://nivo.rocks/bump/,
Composite1.png,Composite 1,composite,,composite,,,https://mascot-vis.github.io/gallery.html#MultipleBarCharts,
Composite2.png,Composite 2,composite,,composite,,,https://gist.github.com/cmgiven/018fd027d443b177e18fffb9afcdb5bd,
Composite3.png,Composite 3,composite,,composite,,,https://www.urban.org/features/11-charts-about-social-security-disability-insurance-program,